Submission id,Participant id,Status,Custom study tncs accepted at,Started at,Completed at,Reviewed at,Archived at,Time taken,Completion code,Total approvals,Age,Sex,Ethnicity simplified,Country of birth,Country of residence,Nationality,Language,Student status,Employment status
6985fb93a92b41c46a07cff7,66acd6fce13998efa02007a6,APPROVED,Not Applicable,2026-02-06T14:33:03.287000Z,2026-02-06T14:45:12.031000Z,2026-02-06T16:59:54.252000Z,2026-02-06T14:45:12.565957Z,729.0,CKEV52BR,878,23,Male,White,United Kingdom,United Kingdom,United Kingdom,English,Yes,Part-Time
6985fb94c41403217f1889bc,62b4403257f7d42730f83394,APPROVED,Not Applicable,2026-02-06T14:32:56.128000Z,2026-02-06T15:09:27.357000Z,2026-02-06T16:59:54.603000Z,2026-02-06T15:09:27.801956Z,2192.0,CKEV52BR,3002,41,Male,Mixed,United Kingdom,United Kingdom,United Kingdom,English,No,Full-Time
6985fba528afb3dadd3e8ddf,612f350052a72eaeac5b9703,APPROVED,Not Applicable,2026-02-06T14:34:11.895000Z,2026-02-06T14:47:51.561000Z,2026-02-06T17:00:09.300000Z,2026-02-06T14:47:51.961716Z,820.0,CKEV52BR,2969,70,Female,White,United Kingdom,United Kingdom,United Kingdom,English,No,Part-Time
6985fba6adb12b78ac6f5b54,66eb295e917ab5b37e00f625,APPROVED,Not Applicable,2026-02-06T14:33:15.604000Z,2026-02-06T14:47:51.807000Z,2026-02-06T16:59:54.928000Z,2026-02-06T14:47:52.229494Z,877.0,CKEV52BR,1948,56,Male,White,United Kingdom,United Kingdom,United Kingdom,English,No,Full-Time
6985fbb3d29b2acf2cbf63f6,6310a5c786d2abda637997c0,APPROVED,Not Applicable,2026-02-06T14:34:08.313000Z,2026-02-06T14:44:39.186000Z,2026-02-06T16:59:55.347000Z,2026-02-06T14:44:39.657651Z,631.0,CKEV52BR,4464,44,Male,White,United Kingdom,United Kingdom,United Kingdom,English,No,Full-Time
6985fbbbc1dcec251a33aeea,611218c29a454f84484df681,APPROVED,Not Applicable,2026-02-06T14:39:07.050000Z,2026-02-06T14:51:22.664000Z,2026-02-06T16:59:55.908000Z,2026-02-06T14:51:23.044482Z,736.0,CKEV52BR,2853,35,Male,White,United Kingdom,United Kingdom,United Kingdom,English,No,Full-Time
6985fbc3bd1dc7473813e96e,5ebd31a3dc638f1875840598,APPROVED,Not Applicable,2026-02-06T14:33:46.129000Z,2026-02-06T14:49:04.009000Z,2026-02-06T17:00:09.732000Z,2026-02-06T14:49:04.453930Z,918.0,CKEV52BR,1377,27,Female,White,United Kingdom,United Kingdom,United Kingdom,English,No,DATA_EXPIRED
6985fbceb071cda49543451d,56ab6fd869b24700065cbdbd,APPROVED,Not Applicable,2026-02-06T14:34:05.075000Z,2026-02-06T14:48:21.266000Z,2026-02-06T16:59:56.245000Z,2026-02-06T14:48:21.656570Z,857.0,CKEV52BR,3727,57,Male,White,United Kingdom,United Kingdom,United Kingdom,English,No,DATA_EXPIRED
6985fbf28d6fcc7aec06b1bf,5f0dca1b95f13600097e1317,APPROVED,Not Applicable,2026-02-06T14:34:29.452000Z,2026-02-06T14:45:55.060000Z,2026-02-06T16:59:56.612000Z,2026-02-06T14:45:55.695824Z,686.0,CKEV52BR,1332,48,Male,White,United Kingdom,United Kingdom,United Kingdom,English,DATA_EXPIRED,DATA_EXPIRED
6985fc08b027a4689cd64c90,670be097fae6e39ea154f7df,APPROVED,Not Applicable,2026-02-06T14:35:05.056000Z,2026-02-06T14:53:01.373000Z,2026-02-06T17:00:10.089000Z,2026-02-06T14:53:01.748082Z,1077.0,ckev52br,483,41,Female,White,United Kingdom,United Kingdom,United Kingdom,English,DATA_EXPIRED,DATA_EXPIRED
6985fc1c03ff3438552c9807,5c7ccbfe371d1d0015bcabc0,APPROVED,Not Applicable,2026-02-06T14:35:27.573000Z,2026-02-06T14:56:56.251000Z,2026-02-06T17:00:10.435000Z,2026-02-06T14:56:56.635362Z,1289.0,CKEV52BR,1018,37,Female,White,United Kingdom,United Kingdom,United Kingdom,English,DATA_EXPIRED,DATA_EXPIRED
6985fc1dfd8258578549c5d8,5ef91b4a9d934269f7a2d09a,APPROVED,Not Applicable,2026-02-06T14:35:12.258000Z,2026-02-06T14:48:56.050000Z,2026-02-06T16:59:56.941000Z,2026-02-06T14:48:56.437881Z,824.0,CKEV52BR,1080,45,Male,White,United Kingdom,United Kingdom,United Kingdom,English,No,Full-Time
6985fc2ea9f7e1ae024f6051,622bb4f79c52ad04bb91e752,APPROVED,Not Applicable,2026-02-06T14:35:40.158000Z,2026-02-06T14:50:14.094000Z,2026-02-06T17:00:10.769000Z,2026-02-06T14:50:14.488193Z,874.0,CKEV52BR,3724,60,Female,White,United Kingdom,United Kingdom,United Kingdom,English,No,"Not in paid work (e.g. homemaker', 'retired or disabled)"
6985fc44b015bece243e8e3f,6765b501bf830acd8f0e20ba,APPROVED,Not Applicable,2026-02-06T14:35:52.292000Z,2026-02-06T15:05:16.227000Z,2026-02-06T17:00:11.118000Z,2026-02-06T15:05:16.612925Z,1764.0,CKEV52BR,1789,44,Female,White,United Kingdom,United Kingdom,United Kingdom,English,No,Part-Time
6985fc4cc5a118b3d028e5cf,5e469f9ef0d398000b1f13f2,APPROVED,Not Applicable,2026-02-06T14:35:56.229000Z,2026-02-06T14:53:09.037000Z,2026-02-06T16:59:57.328000Z,2026-02-06T14:53:09.435815Z,1033.0,CKEV52BR,5446,55,Male,White,United Kingdom,United Kingdom,United Kingdom,English,No,Part-Time
6985fc51ca3e0bad416f931f,5c12d53683c3cb0001172e89,APPROVED,Not Applicable,2026-02-06T14:36:05.332000Z,2026-02-06T15:00:24.599000Z,2026-02-06T16:59:57.724000Z,2026-02-06T15:00:25.058966Z,1460.0,CKEV52BR,1191,69,Male,White,United Kingdom,United Kingdom,United Kingdom,English,No,DATA_EXPIRED
6985fc83bace3f783b60456c,66cb2e0bd2169db778550269,APPROVED,Not Applicable,2026-02-06T14:37:01.799000Z,2026-02-06T14:47:06.093000Z,2026-02-06T16:59:58.056000Z,2026-02-06T14:47:06.475733Z,605.0,CKEV52BR,5424,25,Male,Mixed,United Kingdom,United Kingdom,United Kingdom,English,No,Full-Time
6985fc8a21a12359b71db013,559b8c79fdf99b5ae13fd3d1,APPROVED,Not Applicable,2026-02-06T14:37:10.347000Z,2026-02-06T14:48:06.981000Z,2026-02-06T17:00:11.523000Z,2026-02-06T14:48:07.395838Z,657.0,CKEV52BR,3171,57,Female,White,United Kingdom,United Kingdom,United Kingdom,English,No,Part-Time
6985fc8b1f89f3332df517a8,6744d143eddffd17d345b192,APPROVED,Not Applicable,2026-02-06T14:37:06.830000Z,2026-02-06T14:49:39.865000Z,2026-02-06T16:59:58.406000Z,2026-02-06T14:49:40.268543Z,754.0,CKEV52BR,3440,25,Male,White,United Kingdom,United Kingdom,United Kingdom,English,No,Part-Time
6985fc91fce712a666539c7e,66a3e355362c7697f4d44d46,APPROVED,Not Applicable,2026-02-06T14:37:27.667000Z,2026-02-06T14:53:58.569000Z,2026-02-06T17:00:11.871000Z,2026-02-06T14:53:59.014318Z,991.0,CKEV52BR,1927,58,Female,White,United Kingdom,United Kingdom,United Kingdom,English,No,Part-Time
6985fe611d6147d5b7ce58d6,6978d4afc2649c9396f7266c,APPROVED,Not Applicable,2026-02-06T14:45:32.158000Z,2026-02-06T14:59:16.517000Z,2026-02-06T17:00:12.188000Z,2026-02-06T14:59:16.885491Z,825.0,CKEV52BR,73,33,Female,White,United Kingdom,United Kingdom,United Kingdom,English,No,Full-Time
6985feb0c0f8e876f48c1955,65df4b49282bf70bba6798c7,APPROVED,Not Applicable,2026-02-06T14:48:13.684000Z,2026-02-06T15:03:08.999000Z,2026-02-06T17:00:12.515000Z,2026-02-06T15:03:09.408201Z,896.0,CKEV52BR,1470,66,Female,White,United Kingdom,United Kingdom,United Kingdom,English,No,"Not in paid work (e.g. homemaker', 'retired or disabled)"
6985fef2821f052cbbb8b56f,5ae9cde00335e200019e9eed,APPROVED,Not Applicable,2026-02-06T14:47:18.887000Z,2026-02-06T15:05:44.318000Z,2026-02-06T17:00:12.912000Z,2026-02-06T15:05:44.761132Z,1106.0,CKEV52BR,6775,29,Female,White,United Kingdom,United Kingdom,United Kingdom,English,No,Part-Time
6985ff184fdde2ec4f0b5c44,666445e5b72745f04a4f57d6,APPROVED,Not Applicable,2026-02-06T14:48:35.447000Z,2026-02-06T15:05:16.267000Z,2026-02-06T16:59:58.714000Z,2026-02-06T15:05:16.634201Z,1001.0,CKEV52BR,2841,53,Male,White,United Kingdom,United Kingdom,United Kingdom,English,No,Full-Time
6985ff195d6ff77c557adf47,62b055a21e169809861b173d,APPROVED,Not Applicable,2026-02-06T14:47:53.277000Z,2026-02-06T14:58:50.270000Z,2026-02-06T16:59:59.041000Z,2026-02-06T14:58:50.662622Z,657.0,CKEV52BR,2337,34,Male,White,United Kingdom,United Kingdom,United Kingdom,English,No,Full-Time
6985ff2c34439e176dcb2461,5d48c3371bf808001c396355,APPROVED,Not Applicable,2026-02-06T14:48:42.782000Z,2026-02-06T15:01:54.312000Z,2026-02-06T16:59:59.551000Z,2026-02-06T15:01:54.710087Z,792.0,CKEV52BR,293,26,Male,White,United Kingdom,United Kingdom,United Kingdom,English,No,"Not in paid work (e.g. homemaker', 'retired or disabled)"
6985ff59168fdba68ff1b3fa,669b9cae8f4c91285f2219d7,APPROVED,Not Applicable,2026-02-06T14:49:02.828000Z,2026-02-06T14:59:36.464000Z,2026-02-06T17:00:13.239000Z,2026-02-06T14:59:36.861985Z,634.0,CKEV52BR,811,68,Female,White,United Kingdom,United Kingdom,United Kingdom,English,No,Part-Time
6985ff6c4b98b82e304d8092,5fb344483d8b23a8d2d106ca,APPROVED,Not Applicable,2026-02-06T14:49:31.462000Z,2026-02-06T15:06:59.197000Z,2026-02-06T16:59:59.896000Z,2026-02-06T15:06:59.589749Z,1048.0,CKEV52BR,360,31,Male,White,United Kingdom,United Kingdom,United Kingdom,English,No,Full-Time
6985ff85512fd9729c468897,5d52b9b351ffbf00019fc578,APPROVED,Not Applicable,2026-02-06T14:49:47.148000Z,2026-02-06T15:06:45.947000Z,2026-02-06T17:00:13.540000Z,2026-02-06T15:06:46.366226Z,1019.0,CKEV52BR,1821,52,Female,White,United Kingdom,United Kingdom,United Kingdom,English,No,Unemployed (and job seeking)
6985ffb03186dd7fb75b5949,6304db4577830d43f42d4d26,APPROVED,Not Applicable,2026-02-06T14:50:29.083000Z,2026-02-06T15:10:15.076000Z,2026-02-06T17:00:01.015000Z,2026-02-06T15:10:15.469528Z,1186.0,CKEV52BR,2484,28,Male,White,United Kingdom,United Kingdom,United Kingdom,English,Yes,Unemployed (and job seeking)
6986003f1f3dc846c54a25ad,680e1b9a36b987121bbc9c9a,APPROVED,Not Applicable,2026-02-06T14:55:15.158000Z,2026-02-06T15:13:31.484000Z,2026-02-06T17:00:13.854000Z,2026-02-06T15:13:31.867434Z,1097.0,CKEV52BR,1320,51,Female,White,United Kingdom,United Kingdom,United Kingdom,English,No,"Not in paid work (e.g. homemaker', 'retired or disabled)"
6986005ef7cdc253b1be267d,5ce65aa96ad4e50001097566,APPROVED,Not Applicable,2026-02-06T14:53:25.223000Z,2026-02-06T15:18:53.035000Z,2026-02-06T17:00:01.669000Z,2026-02-06T15:18:53.964358Z,1528.0,CKEV52BR,1289,56,Male,White,United Kingdom,United Kingdom,United Kingdom,English,DATA_EXPIRED,DATA_EXPIRED
69860061b9caecfe30fd38cc,5cdd4befd3651c001950e539,APPROVED,Not Applicable,2026-02-06T14:53:28.608000Z,2026-02-06T15:14:02.053000Z,2026-02-06T17:00:14.182000Z,2026-02-06T15:14:02.414420Z,1234.0,CKEV52BR,3712,60,Female,White,United Kingdom,United Kingdom,United Kingdom,English,No,"Not in paid work (e.g. homemaker', 'retired or disabled)"
698600878deedb11626c251f,66929bbddece52b3d6569339,APPROVED,Not Applicable,2026-02-06T14:54:57.563000Z,2026-02-06T15:11:28.994000Z,2026-02-06T17:00:02.184000Z,2026-02-06T15:11:29.358801Z,992.0,CKEV52BR,1235,42,Male,White,United Kingdom,United Kingdom,United Kingdom,English,No,Full-Time
698601073c7f8adb84ece18f,5db8a8b7b41c4a000ea7afee,APPROVED,Not Applicable,2026-02-06T14:56:12.299000Z,2026-02-06T15:09:07.579000Z,2026-02-06T17:00:14.505000Z,2026-02-06T15:09:10.004126Z,776.0,CKEV52BR,175,30,Female,White,United Kingdom,United Kingdom,United Kingdom,English,No,Full-Time
6986013d857b233a4e89ae35,5f27f6a0e13d4e05d048335f,APPROVED,Not Applicable,2026-02-06T14:57:57.042000Z,2026-02-06T15:15:47.648000Z,2026-02-06T17:00:02.574000Z,2026-02-06T15:15:48.029716Z,1071.0,CKEV52BR,5559,54,Male,White,United Kingdom,United Kingdom,United Kingdom,English,No,Full-Time
698601aac220748815ca8919,594ea461c6a70f00010aaa8d,APPROVED,Not Applicable,2026-02-06T14:58:54.217000Z,2026-02-06T15:14:18.169000Z,2026-02-06T17:00:14.822000Z,2026-02-06T15:14:18.556228Z,924.0,CKEV52BR,4429,57,Female,White,United Kingdom,United Kingdom,United Kingdom,English,No,Full-Time
698601ce81b91d2425f0d8de,64a9858be9b52e570ffb3c1e,APPROVED,Not Applicable,2026-02-06T14:59:26.973000Z,2026-02-06T15:49:00.062000Z,2026-02-06T17:00:15.196000Z,2026-02-06T15:49:00.478221Z,2974.0,CKEV52BR,3714,68,Female,White,United Kingdom,United Kingdom,United Kingdom,English,No,Part-Time
698601e006c9d9de9292e3f8,65fbec18b9660955d6a93adf,APPROVED,Not Applicable,2026-02-06T14:59:49.082000Z,2026-02-06T15:08:18.149000Z,2026-02-06T17:00:02.892000Z,2026-02-06T15:08:18.597429Z,510.0,CKEV52BR,977,29,Male,White,United Kingdom,United Kingdom,United Kingdom,English,No,Full-Time
698601e3cffe49dbc52bdb88,66b23e1a82f20f59115e2255,APPROVED,Not Applicable,2026-02-06T14:59:52.171000Z,2026-02-06T15:17:15.355000Z,2026-02-06T17:00:03.281000Z,2026-02-06T15:17:15.773451Z,1044.0,CKEV52BR,1130,60,Male,White,United Kingdom,United Kingdom,United Kingdom,English,No,Part-Time
6986021be86f68f4d5382e2f,6122b9ffce05d8e56860755a,APPROVED,Not Applicable,2026-02-06T15:03:55.199000Z,2026-02-06T15:21:13.115000Z,2026-02-06T17:00:15.757000Z,2026-02-06T15:21:13.532675Z,1038.0,CKEV52BR,2656,45,Female,White,United Kingdom,United Kingdom,United Kingdom,English,No,DATA_EXPIRED
698602691dbdcb1994ccd533,5c62de3f48fe4e000180e09d,APPROVED,Not Applicable,2026-02-06T15:02:06.308000Z,2026-02-06T15:14:08.711000Z,2026-02-06T17:00:16.379000Z,2026-02-06T15:14:09.208661Z,723.0,CKEV52BR,5061,50,Female,White,United Kingdom,United Kingdom,United Kingdom,English,No,Full-Time
698602ad108783eb2e9d9aad,57c426fa9fe51d00012391f1,APPROVED,Not Applicable,2026-02-06T15:03:14.824000Z,2026-02-06T15:18:36.747000Z,2026-02-06T17:00:16.871000Z,2026-02-06T15:18:37.126499Z,922.0,CKEV52BR,4273,61,Female,White,United Kingdom,United Kingdom,United Kingdom,English,No,"Not in paid work (e.g. homemaker', 'retired or disabled)"
69860331b87009ed785b59e2,5a7226d9f660ae0001a9a547,APPROVED,Not Applicable,2026-02-06T15:05:41.795000Z,2026-02-06T15:20:18.130000Z,2026-02-06T17:00:17.246000Z,2026-02-06T15:20:18.518977Z,877.0,CKEV52BR,5481,26,Female,White,United Kingdom,United Kingdom,United Kingdom,English,No,Part-Time
6986033869285c70d9d7a5b8,634d7250f674c11a71d1b88e,APPROVED,Not Applicable,2026-02-06T15:05:42.949000Z,2026-02-06T15:33:23.004000Z,2026-02-06T17:00:03.679000Z,2026-02-06T15:33:23.446702Z,1661.0,CKEV52BR,4088,46,Male,White,United Kingdom,United Kingdom,United Kingdom,English,No,Full-Time
698603754af0d6b5e4dca8ef,6978c44bfdb386a298f23345,APPROVED,Not Applicable,2026-02-06T15:06:34.807000Z,2026-02-06T15:34:27.987000Z,2026-02-06T17:00:17.634000Z,2026-02-06T15:34:28.378522Z,1674.0,CKEV52BR,102,34,Female,Black,Nigeria,United Kingdom,United Kingdom,English,No,Full-Time
698603b24cf4ebaf119302ba,677e7a411cbcd54ed0c8f545,APPROVED,Not Applicable,2026-02-06T15:07:48.036000Z,2026-02-06T15:28:11.339000Z,2026-02-06T17:00:04.020000Z,2026-02-06T15:28:11.732209Z,1224.0,CKEV52BR,2081,61,Male,White,Australia,United Kingdom,United Kingdom,English,No,Full-Time
698603b25594c36ed554b1b5,59e65d85c0d35a0001295175,APPROVED,Not Applicable,2026-02-06T15:09:22.118000Z,2026-02-06T15:25:18.319000Z,2026-02-06T17:00:17.953000Z,2026-02-06T15:25:18.708731Z,957.0,CKEV52BR,367,43,Female,White,United Kingdom,United Kingdom,United Kingdom,English,No,Full-Time
698604192bae080af09f69bc,5829f8eed7e5ff0001ff7d8d,APPROVED,Not Applicable,2026-02-06T15:11:08.154000Z,2026-02-06T15:26:43.327000Z,2026-02-06T17:00:04.363000Z,2026-02-06T15:26:43.757184Z,936.0,CKEV52BR,1706,67,Male,White,United Kingdom,United Kingdom,United Kingdom,English,No,DATA_EXPIRED
6986042fd715ae088e7ccb47,60fcb280d58f26d33cb004a6,APPROVED,Not Applicable,2026-02-06T15:18:53.306000Z,2026-02-06T15:48:43.202000Z,2026-02-06T17:00:04.688000Z,2026-02-06T15:48:43.628466Z,1790.0,CKEV52BR,2791,20,Male,White,United Kingdom,United Kingdom,United Kingdom,English,Yes,Unemployed (and job seeking)
69860458105280830aa3c9df,5eb53966bcc7ec02d9dab736,APPROVED,Not Applicable,2026-02-06T15:10:16.283000Z,2026-02-06T15:29:17.531000Z,2026-02-06T17:00:18.311000Z,2026-02-06T15:29:17.944579Z,1142.0,CKEV52BR,1736,43,Female,Asian,United Kingdom,United Kingdom,United Kingdom,English,No,Other
698604aefcc8d69848d9cd13,666c50576894ee3e6696af53,APPROVED,Not Applicable,2026-02-06T15:12:13.521000Z,2026-02-06T16:01:01.370000Z,2026-02-06T17:00:05.034000Z,2026-02-06T16:01:01.762406Z,2928.0,CKEV52BR,1443,23,Male,Asian,Afghanistan,United Kingdom,United Kingdom,Pashto,Yes,Full-Time
698604b6bdc8fa993c1a601c,55c495d2fdf99b2d6cabb691,APPROVED,Not Applicable,2026-02-06T15:11:54.332000Z,2026-02-06T15:27:24.979000Z,2026-02-06T17:00:18.656000Z,2026-02-06T15:27:25.355752Z,931.0,CKEV52BR,4184,30,Female,White,United Kingdom,United Kingdom,United Kingdom,English,No,Full-Time
6986052e072e6e79e851dd40,665d5a08c8e61c18498d08c9,APPROVED,Not Applicable,2026-02-06T15:13:54.536000Z,2026-02-06T15:27:05.255000Z,2026-02-06T17:00:18.979000Z,2026-02-06T15:27:05.646457Z,791.0,CKEV52BR,2250,30,Female,White,United Kingdom,United Kingdom,United Kingdom,English,No,Full-Time
69860541bfb4c5f4354419a9,657065aa0c153f5a01470d1b,APPROVED,Not Applicable,2026-02-06T15:14:21.397000Z,2026-02-06T15:30:50.280000Z,2026-02-06T17:00:05.423000Z,2026-02-06T15:30:50.682230Z,989.0,CKEV52BR,3591,71,Male,White,United Kingdom,United Kingdom,United Kingdom,English,No,Part-Time
69860546df3e0be83f236627,60da18693053b2c1d420085f,APPROVED,Not Applicable,2026-02-06T15:14:18.113000Z,2026-02-06T15:36:35.747000Z,2026-02-06T17:00:19.363000Z,2026-02-06T15:36:36.126237Z,1338.0,CKEV52BR,1273,32,Female,White,United Kingdom,United Kingdom,United Kingdom,English,No,Full-Time
69860553a721ebc46ab4e1d4,5c4e38f4d3a5e300018363ba,APPROVED,Not Applicable,2026-02-06T15:14:42.307000Z,2026-02-06T15:36:10.280000Z,2026-02-06T17:00:05.821000Z,2026-02-06T15:36:10.668329Z,1288.0,CKEV52BR,3052,49,Male,White,United Kingdom,United Kingdom,United Kingdom,English,No,"Not in paid work (e.g. homemaker', 'retired or disabled)"
698605a9eae06c623c5fa6c9,66eada82e2a59d472d2dd086,APPROVED,Not Applicable,2026-02-06T15:16:09.240000Z,2026-02-06T15:30:56.237000Z,2026-02-06T17:00:20.514000Z,2026-02-06T15:30:56.641248Z,887.0,CKEV52BR,688,20,Female,White,United Kingdom,United Kingdom,United Kingdom,English,Yes,Full-Time
698605fcbfb4c5f4354419c3,63f8eaeb261f726a83d65177,APPROVED,Not Applicable,2026-02-06T15:25:21.661000Z,2026-02-06T15:50:35.210000Z,2026-02-06T17:00:06.171000Z,2026-02-06T15:50:35.606911Z,1514.0,CKEV52BR,425,20,Male,White,United Kingdom,United Kingdom,United Kingdom,English,No,Unemployed (and job seeking)
6986065812872f9e42b08d07,5967e9a831394d0001abdb3f,APPROVED,Not Applicable,2026-02-06T15:18:51.849000Z,2026-02-06T15:36:01.465000Z,2026-02-06T17:00:20.836000Z,2026-02-06T15:36:01.866602Z,1030.0,CKEV52BR,4323,61,Female,White,United Kingdom,United Kingdom,United Kingdom,English,No,Part-Time
6986065d63fe29fbad8a92fb,63f11d008327663bc314b53b,APPROVED,Not Applicable,2026-02-06T15:25:43.081000Z,2026-02-06T15:41:05.975000Z,2026-02-06T17:00:06.486000Z,2026-02-06T15:41:06.426142Z,923.0,CKEV52BR,2454,60,Male,White,United Kingdom,United Kingdom,United Kingdom,English,No,Full-Time
698606c617fe0a470642eebc,5d879c06e645c60019847113,APPROVED,Not Applicable,2026-02-06T15:20:43.327000Z,2026-02-06T16:07:24.936000Z,2026-02-06T17:00:21.146000Z,2026-02-06T16:07:25.372642Z,2802.0,CKEV52BR,3134,37,Female,White,United Kingdom,United Kingdom,United Kingdom,English,No,Full-Time
69860701d2a0312a6271ba85,5f778d553167a12eae0e1c00,APPROVED,Not Applicable,2026-02-06T15:21:40.217000Z,2026-02-06T15:31:49.157000Z,2026-02-06T17:00:21.461000Z,2026-02-06T15:31:49.562551Z,609.0,CKEV52BR,3622,33,Female,White,United Kingdom,United Kingdom,United Kingdom,English,No,Full-Time
698607ded7dce50eaf4442d1,582f8bbd4cadc80001b0fbd3,APPROVED,Not Applicable,2026-02-06T15:25:18.665000Z,2026-02-06T15:41:35.486000Z,2026-02-06T17:00:06.801000Z,2026-02-06T15:41:35.879324Z,977.0,CKEV52BR,4157,45,Male,White,United Kingdom,United Kingdom,United Kingdom,English,DATA_EXPIRED,DATA_EXPIRED
698608390a32742b866faffb,667c2175b570aa694ce2f63c,APPROVED,Not Applicable,2026-02-06T15:26:58.303000Z,2026-02-06T15:42:58.590000Z,2026-02-06T17:00:07.138000Z,2026-02-06T15:42:58.993808Z,961.0,CKEV52BR,1517,44,Male,White,United Kingdom,United Kingdom,United Kingdom,English,DATA_EXPIRED,Full-Time
6986085d686df0f49f80a9da,66854ca22a0b1e7e87b469a4,APPROVED,Not Applicable,2026-02-06T15:31:39.352000Z,2026-02-06T15:45:01.570000Z,2026-02-06T17:00:07.478000Z,2026-02-06T15:45:01.970561Z,803.0,CKEV52BR,2712,47,Male,White,United Kingdom,United Kingdom,United Kingdom,English,No,Full-Time
6986087f42c903cb4014be29,5ec1a76a903b335cae864ca8,APPROVED,Not Applicable,2026-02-06T15:28:05.454000Z,2026-02-06T15:38:31.012000Z,2026-02-06T17:00:07.852000Z,2026-02-06T15:38:31.391426Z,626.0,CKEV52BR,1504,39,Male,White,United Kingdom,United Kingdom,United Kingdom,English,No,Part-Time
69860899c5d7229a29d8d85b,681b781064a5701a5ceee3bc,APPROVED,Not Applicable,2026-02-06T15:28:35.496000Z,2026-02-06T15:48:43.930000Z,2026-02-06T17:00:21.864000Z,2026-02-06T15:48:44.301710Z,1209.0,CKEV52BR,4198,54,Female,White,United Kingdom,United Kingdom,United Kingdom,English,No,DATA_EXPIRED
698608d89abd4c751ada7339,5b94fc0fc168f80001104860,APPROVED,Not Applicable,2026-02-06T15:29:33.806000Z,2026-02-06T15:42:17.863000Z,2026-02-06T17:00:22.352000Z,2026-02-06T15:42:18.289793Z,765.0,CKEV52BR,949,51,Female,White,United Kingdom,United Kingdom,United Kingdom,English,No,Part-Time
69860934a2cad3d65d03a78f,6765e63b9cbc0ec185d7e8fa,APPROVED,Not Applicable,2026-02-06T15:34:40.886000Z,2026-02-06T16:37:28.311000Z,2026-02-06T17:00:08.203000Z,2026-02-06T16:37:28.701773Z,3768.0,CKEV52BR,2081,46,Male,Black,United Kingdom,United Kingdom,United Kingdom,English,No,Unemployed (and job seeking)
698609503af64df6ba7d3331,59b5a275c05bb50001eb3c4b,APPROVED,Not Applicable,2026-02-06T15:31:33.311000Z,2026-02-06T15:42:59.857000Z,2026-02-06T17:00:08.602000Z,2026-02-06T15:43:00.262896Z,687.0,CKEV52BR,3346,47,Male,White,United Kingdom,United Kingdom,United Kingdom,English,No,Full-Time
69860966dd198757468148fc,6663f3b2bc244a2d789b70a3,APPROVED,Not Applicable,2026-02-06T15:31:50.718000Z,2026-02-06T15:47:17.370000Z,2026-02-06T17:00:22.685000Z,2026-02-06T15:47:17.749188Z,927.0,CKEV52BR,1149,36,Female,Asian,Hong Kong,United Kingdom,United Kingdom,Chinese,No,Full-Time
698609f95ed4d787f7d9f3d6,63039343fd5a2e6fb88d2c61,APPROVED,Not Applicable,2026-02-06T15:34:17.423000Z,2026-02-06T15:44:49.975000Z,2026-02-06T17:00:08.927000Z,2026-02-06T15:44:50.388660Z,633.0,CKEV52BR,2507,42,Male,White,United Kingdom,United Kingdom,United Kingdom,English,No,Full-Time
69860a08e8bfd7716843be8f,5bfc2227f88f3900014b0e1d,APPROVED,Not Applicable,2026-02-06T15:34:32.308000Z,2026-02-06T16:17:06.200000Z,2026-02-06T17:00:23.034000Z,2026-02-06T16:17:06.615002Z,2554.0,CKEV52BR,1429,29,Female,White,United Kingdom,United Kingdom,United Kingdom,English,No,Full-Time
698620743690e57791b73d35,57c74977b23f0e000182dc3f,APPROVED,Not Applicable,2026-02-06T17:11:26.519000Z,2026-02-06T17:29:13.930000Z,2026-02-06T19:31:13.158000Z,2026-02-06T17:29:14.352260Z,1068.0,CKEV52BR,2407,35,Female,White,United Kingdom,United Kingdom,United Kingdom,English,No,Full-Time
698620852d5ff03abbd9cd69,5a62653a63394a000155489f,APPROVED,Not Applicable,2026-02-06T17:10:33.939000Z,2026-02-06T17:23:11.670000Z,2026-02-06T19:31:13.491000Z,2026-02-06T17:23:12.071075Z,758.0,CKEV52BR,740,37,Female,White,United Kingdom,United Kingdom,United Kingdom,English,No,Full-Time
6986208fde348e94e81b7efe,574aff1b5bef980007af2745,APPROVED,Not Applicable,2026-02-06T17:10:45.024000Z,2026-02-06T17:29:40.113000Z,2026-02-06T19:31:13.840000Z,2026-02-06T17:29:40.511301Z,1136.0,CKEV52BR,4514,60,Female,White,United Kingdom,United Kingdom,United Kingdom,English,DATA_EXPIRED,DATA_EXPIRED
698620a222dd74b162a50b96,6658c833dc9f95822cbcfad6,APPROVED,Not Applicable,2026-02-06T17:11:04.120000Z,2026-02-06T17:27:28.026000Z,2026-02-06T19:30:51.289000Z,2026-02-06T17:27:28.391045Z,984.0,CKEV52BR,1177,23,Male,White,United Kingdom,United Kingdom,United Kingdom,English,DATA_EXPIRED,DATA_EXPIRED
698620c20328665dab9f88d2,56cf6e8d31a5bc0006e1cdf5,APPROVED,Not Applicable,2026-02-06T17:11:38.424000Z,2026-02-06T17:28:44.649000Z,2026-02-06T19:31:14.194000Z,2026-02-06T17:28:45.137678Z,1027.0,CKEV52BR,5840,71,Female,White,United Kingdom,United Kingdom,United Kingdom,English,No,"Not in paid work (e.g. homemaker', 'retired or disabled)"
698620ec8561cad3e15c06c1,5cf66ed8912f0b0017c50b52,APPROVED,Not Applicable,2026-02-06T17:12:22.197000Z,2026-02-06T17:24:33.455000Z,2026-02-06T19:31:14.519000Z,2026-02-06T17:24:33.828848Z,732.0,CKEV52BR,1945,30,Female,White,United Kingdom,United Kingdom,United Kingdom,English,No,Unemployed (and job seeking)
698620f37b730733ced9f36d,62e224848517df9659a5759b,APPROVED,Not Applicable,2026-02-06T17:12:35.997000Z,2026-02-06T17:42:25.161000Z,2026-02-06T19:30:51.608000Z,2026-02-06T17:42:25.541178Z,1790.0,CKEV52BR,244,21,Male,Mixed,United Kingdom,United Kingdom,United Kingdom,English,No,Part-Time
69862113813b54ad45f82dff,669aa678bee50f1a83b7d2a7,APPROVED,Not Applicable,2026-02-06T17:12:56.751000Z,2026-02-06T17:29:07.185000Z,2026-02-06T19:30:51.902000Z,2026-02-06T17:29:07.559146Z,971.0,CKEV52BR,269,41,Male,White,United Kingdom,United Kingdom,United Kingdom,English,No,Full-Time
6986211813f8103e3971836b,5d440b524d4b4a001679bdf5,APPROVED,Not Applicable,2026-02-06T17:13:01.690000Z,2026-02-06T17:27:05.117000Z,2026-02-06T19:31:14.848000Z,2026-02-06T17:27:05.498051Z,844.0,CKEV52BR,1804,45,Female,White,United Kingdom,United Kingdom,United Kingdom,English,No,Full-Time
6986211c50ef08b859844256,69790f77a4b7b95f1f7a0929,APPROVED,Not Applicable,2026-02-06T17:13:10.936000Z,2026-02-06T17:27:54.908000Z,2026-02-06T19:31:15.167000Z,2026-02-06T17:27:55.323587Z,884.0,CKEV52BR,2,19,Female,White,United Kingdom,United Kingdom,United Kingdom,English,Yes,Due to start a new job within the next month
6986211d389e4f1b55f9154b,5edbd2c61d9e420b6b420343,APPROVED,Not Applicable,2026-02-06T17:13:07.729000Z,2026-02-06T17:24:23.979000Z,2026-02-06T19:31:15.500000Z,2026-02-06T17:24:24.399550Z,677.0,CKEV52BR,3558,43,Female,White,New Zealand,United Kingdom,United Kingdom,English,No,Full-Time
6986211f455c97dbb888b775,6978c27699b03621e7f724f6,APPROVED,Not Applicable,2026-02-06T17:13:07.470000Z,2026-02-06T17:28:05.975000Z,2026-02-06T19:31:15.803000Z,2026-02-06T17:28:06.391180Z,899.0,CKEV52BR,85,26,Female,White,United Kingdom,United Kingdom,United Kingdom,English,Yes,Part-Time
698621259f5df94db94ee7a9,663a28078139647b4663d09f,APPROVED,Not Applicable,2026-02-06T17:13:13.363000Z,2026-02-06T17:22:41.554000Z,2026-02-06T19:31:16.121000Z,2026-02-06T17:22:41.954883Z,569.0,CKEV52BR,2319,33,Female,White,United Kingdom,United Kingdom,United Kingdom,English,No,Full-Time
6986213e7362881513b6a5c3,5bd2034025db7b000178ad8a,APPROVED,Not Applicable,2026-02-06T17:13:39.098000Z,2026-02-06T17:34:39.129000Z,2026-02-06T19:30:52.187000Z,2026-02-06T17:34:39.518585Z,1261.0,CKEV52BR,5770,67,Male,White,United Kingdom,United Kingdom,United Kingdom,English,No,"Not in paid work (e.g. homemaker', 'retired or disabled)"
698621496ad40ddd4f1a60b4,5c4dae9a889752000156b1db,APPROVED,Not Applicable,2026-02-06T17:13:55.672000Z,2026-02-06T17:37:49.260000Z,2026-02-06T19:31:16.481000Z,2026-02-06T17:37:49.642983Z,1434.0,CKEV52BR,3311,61,Female,White,United Kingdom,United Kingdom,United Kingdom,English,No,DATA_EXPIRED
6986215e831ebd2d8ebf53ee,5da09f733c3367001a72dec6,APPROVED,Not Applicable,2026-02-06T17:14:12.802000Z,2026-02-06T17:35:54.551000Z,2026-02-06T19:31:16.815000Z,2026-02-06T17:35:54.926470Z,1302.0,CKEV52BR,3398,24,Female,White,United Kingdom,United Kingdom,United Kingdom,English,Yes,Full-Time
6986215ffcc9f5f43760ff9f,66bf4ec121654a498f9308ad,APPROVED,Not Applicable,2026-02-06T17:14:12.453000Z,2026-02-06T17:29:50.128000Z,2026-02-06T19:31:17.136000Z,2026-02-06T17:29:50.532969Z,938.0,CKEV52BR,438,30,Female,White,United Kingdom,United Kingdom,United Kingdom,English,No,"Not in paid work (e.g. homemaker', 'retired or disabled)"
6986217d6abb84b26cd2b9e7,5650c6709076880012ea78b8,APPROVED,Not Applicable,2026-02-06T17:15:07.150000Z,2026-02-06T17:34:56.442000Z,2026-02-06T19:31:17.462000Z,2026-02-06T17:34:56.865833Z,1190.0,CKEV52BR,1315,41,Female,Mixed,United Kingdom,United Kingdom,United Kingdom,English,No,Part-Time
698621977f8fa06819c9b53d,65319856c26aa4496e7c1582,APPROVED,Not Applicable,2026-02-06T17:15:08.759000Z,2026-02-06T17:40:02.459000Z,2026-02-06T19:30:52.616000Z,2026-02-06T17:40:02.972216Z,1494.0,CKEV52BR,778,65,Male,White,United Kingdom,United Kingdom,United Kingdom,English,No,Part-Time
698621f063e6d86add02010f,67d4773442ee746bb00b2542,APPROVED,Not Applicable,2026-02-06T17:16:41.948000Z,2026-02-06T17:35:28.171000Z,2026-02-06T19:31:17.773000Z,2026-02-06T17:35:28.544052Z,1127.0,CKEV52BR,1631,47,Female,Black,Kenya,United Kingdom,United Kingdom,English,DATA_EXPIRED,Full-Time
6986236ad2a8e6e9817f93a7,5f25e860dd98342ce97e7403,APPROVED,Not Applicable,2026-02-06T17:22:58.772000Z,2026-02-06T17:38:57.233000Z,2026-02-06T19:31:18.078000Z,2026-02-06T17:38:57.650748Z,959.0,CKEV52BR,3305,31,Female,White,United Kingdom,United Kingdom,United Kingdom,English,No,Full-Time
69862387f91ca8ad493e9fa5,5adc587be0feeb0001ca9d0a,APPROVED,Not Applicable,2026-02-06T17:23:25.272000Z,2026-02-06T17:35:14.881000Z,2026-02-06T19:31:18.436000Z,2026-02-06T17:35:15.634526Z,710.0,CKEV52BR,2105,40,Female,White,United Kingdom,United Kingdom,United Kingdom,English,Yes,Part-Time
698623df20f684f4f9f71e49,66fd3f6c93c24ecc119be354,APPROVED,Not Applicable,2026-02-06T17:24:52.623000Z,2026-02-06T17:40:07.842000Z,2026-02-06T19:30:53.759000Z,2026-02-06T17:40:08.201376Z,916.0,CKEV52BR,3547,39,Male,White,United Kingdom,United Kingdom,United Kingdom,English,No,Unemployed (and job seeking)
698623e889370540bdd2a1cf,5a9bcd3f1eda410001366c55,APPROVED,Not Applicable,2026-02-06T17:26:50.640000Z,2026-02-06T17:37:33.824000Z,2026-02-06T19:31:18.744000Z,2026-02-06T17:37:34.258933Z,644.0,CKEV52BR,3492,31,Female,White,United Kingdom,United Kingdom,United Kingdom,English,No,Full-Time
698624752067b07e97f9be8b,60d075b6af3d46debaf3cfd8,APPROVED,Not Applicable,2026-02-06T17:27:22.663000Z,2026-02-06T17:39:35.334000Z,2026-02-06T19:31:19.038000Z,2026-02-06T17:39:35.734618Z,733.0,CKEV52BR,3887,23,Female,White,United Kingdom,United Kingdom,United Kingdom,English,Yes,Unemployed (and job seeking)
69862482552f09b9462e7194,61377f1af63764011235d8a0,APPROVED,Not Applicable,2026-02-06T17:27:33.743000Z,2026-02-06T17:42:35.100000Z,2026-02-06T19:30:54.185000Z,2026-02-06T17:42:35.501127Z,902.0,CKEV52BR,2424,64,Male,White,United Kingdom,United Kingdom,United Kingdom,English,No,Part-Time
698624ae5aed11ff0b4299ec,66d339846ddb5871646d198c,APPROVED,Not Applicable,2026-02-06T17:28:31.961000Z,2026-02-06T17:50:34.085000Z,2026-02-06T19:30:54.576000Z,2026-02-06T17:50:34.534032Z,1323.0,CKEV52BR,1749,57,Male,White,United Kingdom,United Kingdom,United Kingdom,English,No,Unemployed (and job seeking)
698624f2552f09b9462e719e,60673bc6496cefa66a61e737,APPROVED,Not Applicable,2026-02-06T17:34:02.801000Z,2026-02-06T18:17:43.281000Z,2026-02-06T19:30:54.871000Z,2026-02-06T18:17:43.681256Z,2621.0,CKEV52BR,1072,35,Male,White,United Kingdom,United Kingdom,United Kingdom,English,No,Full-Time
6986250366f6fdaa1861992b,60fb51c7493e3f8a4c82833b,APPROVED,Not Applicable,2026-02-06T17:31:05.582000Z,2026-02-06T17:44:53.420000Z,2026-02-06T19:30:55.190000Z,2026-02-06T17:44:53.813989Z,828.0,CKEV52BR,1933,22,Male,Asian,United Kingdom,United Kingdom,United Kingdom,English,Yes,Unemployed (and job seeking)
69862508ba11f663a69920de,6658c6c0577a9b481240fa30,APPROVED,Not Applicable,2026-02-06T17:29:47.372000Z,2026-02-06T17:49:22.093000Z,2026-02-06T19:30:55.689000Z,2026-02-06T17:49:22.502007Z,1175.0,CKEV52BR,447,31,Male,White,United Kingdom,United Kingdom,United Kingdom,English,Yes,Full-Time
698625407deaf65423d5462c,606c7412f636c4ffa572d333,APPROVED,Not Applicable,2026-02-06T17:30:43.487000Z,2026-02-06T17:39:20.270000Z,2026-02-06T19:31:19.333000Z,2026-02-06T17:39:20.672349Z,517.0,CKEV52BR,503,22,Female,White,United Kingdom,United Kingdom,United Kingdom,English,No,Part-Time
698626364ce0771d1acea90b,6887a12b580572a4cf063538,APPROVED,Not Applicable,2026-02-06T17:34:48.448000Z,2026-02-06T17:47:52.509000Z,2026-02-06T19:31:19.623000Z,2026-02-06T17:47:52.934826Z,785.0,CKEV52BR,586,36,Female,White,Belarus,United Kingdom,United Kingdom,Russian,No,Full-Time
69862645196eec384e4ae81b,652942ba7a6bc3c9f6aa792d,APPROVED,Not Applicable,2026-02-06T17:36:06.102000Z,2026-02-06T17:48:23.083000Z,2026-02-06T19:31:19.951000Z,2026-02-06T17:48:23.468323Z,737.0,CKEV52BR,1135,40,Female,White,Italy,United Kingdom,United Kingdom,English,DATA_EXPIRED,DATA_EXPIRED
6986265424a1befc02c253f6,614873a43b76bea1f97ee78f,APPROVED,Not Applicable,2026-02-06T17:35:16.094000Z,2026-02-06T18:07:18.485000Z,2026-02-06T19:31:20.242000Z,2026-02-06T18:07:18.894947Z,1923.0,CKEV52BR,1076,51,Female,White,United Kingdom,United Kingdom,United Kingdom,English,DATA_EXPIRED,DATA_EXPIRED
698626bd18abef60f1e1fc53,6640e53eec06606709f75853,APPROVED,Not Applicable,2026-02-06T17:37:09.730000Z,2026-02-06T17:53:48.886000Z,2026-02-06T19:31:20.522000Z,2026-02-06T17:53:49.271018Z,1000.0,CKEV52BR,1464,55,Female,White,United Kingdom,United Kingdom,United Kingdom,English,No,Full-Time
698626c959d645ab6951dd73,56abcb46f209e0000adab961,APPROVED,Not Applicable,2026-02-06T17:37:17.538000Z,2026-02-06T17:51:29.359000Z,2026-02-06T19:31:20.827000Z,2026-02-06T17:51:29.741881Z,852.0,CKEV52BR,5378,65,Female,White,United Kingdom,United Kingdom,United Kingdom,English,No,Part-Time
6986273ba79a26e661db1121,58bef6fd31de840001e84ba0,APPROVED,Not Applicable,2026-02-06T17:39:13.688000Z,2026-02-06T17:56:08.918000Z,2026-02-06T19:30:56.094000Z,2026-02-06T17:56:09.332915Z,1016.0,CKEV52BR,6241,41,Male,White,United Kingdom,United Kingdom,United Kingdom,English,DATA_EXPIRED,DATA_EXPIRED
698627934e33ad627f1c8099,63d53d53a7a7b0379ba289cf,APPROVED,Not Applicable,2026-02-06T17:40:41.891000Z,2026-02-06T18:10:19.703000Z,2026-02-06T19:30:56.431000Z,2026-02-06T18:10:20.156210Z,1778.0,CKEV52BR,3426,47,Male,White,United Kingdom,United Kingdom,United Kingdom,English,No,Full-Time
698627b75742b35ff603d142,665ba5fad0a8c603ab8b5242,APPROVED,Not Applicable,2026-02-06T17:41:18.956000Z,2026-02-06T17:56:25.777000Z,2026-02-06T19:31:21.135000Z,2026-02-06T17:56:26.168645Z,907.0,CKEV52BR,1502,28,Female,Mixed,United Kingdom,United Kingdom,United Kingdom,English,DATA_EXPIRED,DATA_EXPIRED
698627bcdf525545b3c9b533,5a1dda5480acd8000104a12b,APPROVED,Not Applicable,2026-02-06T17:42:52.843000Z,2026-02-06T18:01:55.060000Z,2026-02-06T19:31:21.422000Z,2026-02-06T18:01:55.502158Z,1143.0,CKEV52BR,1579,32,Female,Asian,United Kingdom,United Kingdom,United Kingdom,DATA_EXPIRED,No,DATA_EXPIRED
698627c9317e8dcf62c4c613,65df5233d304ddf8f514c0f4,APPROVED,Not Applicable,2026-02-06T17:41:36.539000Z,2026-02-06T17:57:35.762000Z,2026-02-06T19:30:56.750000Z,2026-02-06T17:57:36.192407Z,960.0,CKEV52BR,903,42,Male,White,United Kingdom,United Kingdom,United Kingdom,English,No,Full-Time
698627d4fabcd5bb79109554,60ee998ece5d505f67377c0b,APPROVED,Not Applicable,2026-02-06T17:41:42.324000Z,2026-02-06T18:42:40.331000Z,2026-02-06T19:30:57.067000Z,2026-02-06T18:42:40.754984Z,3659.0,CKEV52BR,2700,40,Male,Asian,United Kingdom,United Kingdom,United Kingdom,English,No,Full-Time
698627e4c5e85d6973fef8e3,66fd4b51cb041accd82a7740,APPROVED,Not Applicable,2026-02-06T17:42:04.616000Z,2026-02-06T17:57:42.790000Z,2026-02-06T19:30:57.407000Z,2026-02-06T17:57:43.486861Z,939.0,CKEV52BR,1827,66,Male,White,United Kingdom,United Kingdom,United Kingdom,English,No,Part-Time
698627f35aed11ff0b429a61,559bbbdafdf99b7ce19d5b3d,APPROVED,Not Applicable,2026-02-06T17:42:20.674000Z,2026-02-06T17:57:54.014000Z,2026-02-06T19:30:57.744000Z,2026-02-06T17:57:54.424233Z,934.0,CKEV52BR,5556,41,Male,White,United Kingdom,United Kingdom,United Kingdom,English,No,Full-Time
6986282d917b2340b13ee863,6137e32367aae15b0156bd7e,APPROVED,Not Applicable,2026-02-06T17:46:56.957000Z,2026-02-06T17:57:32.080000Z,2026-02-06T19:30:58.085000Z,2026-02-06T17:57:32.483977Z,636.0,CKEV52BR,2665,36,Male,White,United Kingdom,United Kingdom,United Kingdom,English,DATA_EXPIRED,DATA_EXPIRED
698628305a38a3ccd06e6852,6266aba991affe86ae58ce07,APPROVED,Not Applicable,2026-02-06T17:43:33.673000Z,2026-02-06T18:10:34.859000Z,2026-02-06T19:30:58.414000Z,2026-02-06T18:10:35.255101Z,1622.0,CKEV52BR,1576,59,Male,White,United Kingdom,United Kingdom,United Kingdom,English,No,"Not in paid work (e.g. homemaker', 'retired or disabled)"
69862842b44d0c03b0733a86,61504a407a08a977b6ccf929,APPROVED,Not Applicable,2026-02-06T17:47:02.042000Z,2026-02-06T18:01:20.934000Z,2026-02-06T19:31:21.695000Z,2026-02-06T18:01:21.387374Z,859.0,CKEV52BR,681,27,Female,White,United Kingdom,United Kingdom,United Kingdom,English,Yes,"Not in paid work (e.g. homemaker', 'retired or disabled)"
698628cd2c21244c6f3e4e82,678ce1ebd56c85701ebce209,APPROVED,Not Applicable,2026-02-06T17:45:57.807000Z,2026-02-06T17:59:33.945000Z,2026-02-06T19:30:58.731000Z,2026-02-06T17:59:34.389611Z,817.0,CKEV52BR,826,49,Male,White,United Kingdom,United Kingdom,United Kingdom,English,No,Full-Time
6986294e3e52076f9fb9b5a9,6100906e671b8294f9ea93d8,APPROVED,Not Applicable,2026-02-06T17:52:32.101000Z,2026-02-06T18:08:05.073000Z,2026-02-06T19:31:22.036000Z,2026-02-06T18:08:05.449395Z,933.0,CKEV52BR,2659,31,Female,White,United Kingdom,United Kingdom,United Kingdom,English,No,Full-Time
698629a6dea3bc8ac003a711,58c1c33427e23a0001b4ea0b,APPROVED,Not Applicable,2026-02-06T17:49:30.810000Z,2026-02-06T18:16:02.547000Z,2026-02-06T19:31:22.324000Z,2026-02-06T18:16:03.092995Z,1592.0,CKEV52BR,3703,56,Female,White,United Kingdom,United Kingdom,United Kingdom,English,No,Full-Time
698629f7aa03b4c42c2f6a49,67448035804444614abdcc6c,APPROVED,Not Applicable,2026-02-06T17:57:55.915000Z,2026-02-06T18:25:38.425000Z,2026-02-06T19:30:59.046000Z,2026-02-06T18:25:38.859798Z,1663.0,CKEV52BR,1956,30,Male,Mixed,United Kingdom,United Kingdom,United Kingdom,English,DATA_EXPIRED,DATA_EXPIRED
69862a0e35a8e7aeefbd78dc,5c0430c71a20110001e9b05a,APPROVED,Not Applicable,2026-02-06T17:51:13.837000Z,2026-02-06T18:23:31.736000Z,2026-02-06T19:31:22.815000Z,2026-02-06T18:23:32.189627Z,1938.0,CKEV52BR,4408,43,Female,White,United Kingdom,United Kingdom,United Kingdom,English,No,Full-Time
69862a21e46aef7f29fb8193,642aff87ea9fb23585fc5ee3,APPROVED,Not Applicable,2026-02-06T17:51:31.631000Z,2026-02-06T18:04:22.060000Z,2026-02-06T19:31:23.120000Z,2026-02-06T18:04:22.448988Z,771.0,CKEV52BR,3560,38,Female,White,United Kingdom,United Kingdom,United Kingdom,English,Yes,Full-Time
69862b38dcdc43b94cac25f8,676055469b245b53e81358d0,APPROVED,Not Applicable,2026-02-06T17:56:08.972000Z,2026-02-06T18:07:42.099000Z,2026-02-06T19:30:59.453000Z,2026-02-06T18:07:42.558180Z,694.0,CKEV52BR,5555,21,Male,White,United Kingdom,United Kingdom,United Kingdom,English,Yes,"Not in paid work (e.g. homemaker', 'retired or disabled)"
69862b43f92c10a8bfdf9d44,5f04a092b712400db27ef0f3,APPROVED,Not Applicable,2026-02-06T17:56:24.431000Z,2026-02-06T18:07:59.374000Z,2026-02-06T19:31:23.430000Z,2026-02-06T18:07:59.780433Z,695.0,CKEV52BR,1238,27,Female,Black,United Kingdom,United Kingdom,United Kingdom,English,No,Full-Time
69862b4aa853fe511d5fb2cf,63174af7d57182f9bf90c094,APPROVED,Not Applicable,2026-02-06T17:56:26.243000Z,2026-02-06T18:24:56.027000Z,2026-02-06T19:30:59.750000Z,2026-02-06T18:24:56.508910Z,1710.0,CKEV52BR,5448,45,Male,White,United Kingdom,United Kingdom,United Kingdom,English,No,Full-Time
69862baf24a1befc02c25471,67838f3e71616a9dcc042173,APPROVED,Not Applicable,2026-02-06T17:58:37.753000Z,2026-02-06T18:19:11.838000Z,2026-02-06T19:31:23.772000Z,2026-02-06T18:19:12.232700Z,1235.0,CKEV52BR,629,57,Female,White,United Kingdom,United Kingdom,United Kingdom,English,No,Part-Time
69862bbba4a72d444068373e,5c97abbfae71890001f15e08,APPROVED,Not Applicable,2026-02-06T17:58:23.506000Z,2026-02-06T18:20:01.950000Z,2026-02-06T19:31:24.072000Z,2026-02-06T18:20:02.359536Z,1299.0,CKEV52BR,2668,44,Female,White,United Kingdom,United Kingdom,United Kingdom,English,No,Part-Time
69862bbc8dfdb3f988b56a41,607ca741fd54ce0bd3846328,APPROVED,Not Applicable,2026-02-06T17:58:22.617000Z,2026-02-06T18:58:22.931000Z,2026-02-06T19:31:24.348000Z,2026-02-06T18:58:23.325740Z,3601.0,CKEV52BR,2357,33,Female,White,United Kingdom,United Kingdom,United Kingdom,English,Yes,Full-Time
69862bbfd7317221c0133d68,6043a1dc4c33ef37c64f0812,APPROVED,Not Applicable,2026-02-06T17:58:51.418000Z,2026-02-06T18:12:44.464000Z,2026-02-06T19:31:00.077000Z,2026-02-06T18:12:44.838871Z,834.0,CKEV52BR,1757,39,Male,White,United Kingdom,United Kingdom,United Kingdom,English,No,Full-Time
69862c34ad0f186146017c30,672c99775b51436252e1b231,APPROVED,Not Applicable,2026-02-06T18:00:44.127000Z,2026-02-06T18:35:12.362000Z,2026-02-06T19:31:00.368000Z,2026-02-06T18:35:13.062791Z,2069.0,CKEV52BR,1756,38,Male,Black,United Kingdom,United Kingdom,United Kingdom,English,No,Full-Time
69862c98491beac92bb56a6c,5fc4dd560975a70009b9abe2,APPROVED,Not Applicable,2026-02-06T18:04:54.786000Z,2026-02-06T18:27:15.177000Z,2026-02-06T19:31:00.656000Z,2026-02-06T18:27:15.553825Z,1341.0,CKEV52BR,205,43,Male,White,United Kingdom,United Kingdom,United Kingdom,English,No,Part-Time
69862cae8a2e9baae37d32a6,60dca45abca3eb229bafdedf,APPROVED,Not Applicable,2026-02-06T18:02:27.483000Z,2026-02-06T18:54:22.047000Z,2026-02-06T19:31:00.930000Z,2026-02-06T18:54:22.425327Z,3115.0,CKEV52BR,2884,38,Male,White,United Kingdom,United Kingdom,United Kingdom,English,No,Full-Time
69862d31db52b340489fc015,56153d5e7ffc8a000a811ba8,APPROVED,Not Applicable,2026-02-06T18:04:40.316000Z,2026-02-06T18:15:05.431000Z,2026-02-06T19:31:24.633000Z,2026-02-06T18:15:05.818922Z,626.0,CKEV52BR,4304,43,Female,White,United Kingdom,United Kingdom,United Kingdom,English,No,Full-Time
69862de05bab258083f2a188,5d542c3a5af5900019bc80c4,APPROVED,Not Applicable,2026-02-06T18:07:33.327000Z,2026-02-06T18:18:13.151000Z,2026-02-06T19:31:24.913000Z,2026-02-06T18:18:13.534441Z,640.0,CKEV52BR,8014,51,Female,White,United Kingdom,United Kingdom,United Kingdom,English,No,"Not in paid work (e.g. homemaker', 'retired or disabled)"
69862df023cca13801a25741,672b24390a9c197eb61f2f72,APPROVED,Not Applicable,2026-02-06T18:07:48.649000Z,2026-02-06T18:23:12.233000Z,2026-02-06T19:31:01.258000Z,2026-02-06T18:23:12.639617Z,924.0,CKEV52BR,2229,54,Male,White,United Kingdom,United Kingdom,United Kingdom,English,No,DATA_EXPIRED
69862e1a887cc4b2f94ee4b9,5ec1129f45a5365297e63600,APPROVED,Not Applicable,2026-02-06T18:08:26.293000Z,2026-02-06T18:22:10.217000Z,2026-02-06T19:31:01.579000Z,2026-02-06T18:22:10.739225Z,824.0,CKEV52BR,1760,40,Male,White,United Kingdom,United Kingdom,United Kingdom,English,Yes,Full-Time
69862e989f7a7e844e67c0d5,5f3ae136d5f38f7a5f3f6295,APPROVED,Not Applicable,2026-02-06T18:11:09.081000Z,2026-02-06T18:22:49.197000Z,2026-02-06T19:31:25.206000Z,2026-02-06T18:22:49.585835Z,701.0,CKEV52BR,666,23,Female,White,United Kingdom,United Kingdom,United Kingdom,English,Yes,Part-Time
69862e9dddb6825b698eac52,6773ddcd48e01d9519ede71e,APPROVED,Not Applicable,2026-02-06T18:10:41.544000Z,2026-02-06T18:18:34.414000Z,2026-02-06T19:31:01.885000Z,2026-02-06T18:18:34.800867Z,473.0,CKEV52BR,702,43,Male,White,United Kingdom,United Kingdom,United Kingdom,English,No,Full-Time
69862f2e51d87d3337d9cd86,67696d49d386c9789b03b1da,APPROVED,Not Applicable,2026-02-06T18:13:10.960000Z,2026-02-06T18:25:38.624000Z,2026-02-06T19:31:02.193000Z,2026-02-06T18:25:39.012531Z,748.0,CKEV52BR,2342,59,Male,White,United Kingdom,United Kingdom,United Kingdom,English,No,"Not in paid work (e.g. homemaker', 'retired or disabled)"
69862fb5e00fbbf0d14e1ed5,59d949cf8fd07a000184247e,APPROVED,Not Applicable,2026-02-06T18:15:27.872000Z,2026-02-06T18:28:15.836000Z,2026-02-06T19:31:25.484000Z,2026-02-06T18:28:16.235462Z,768.0,CKEV52BR,4173,41,Female,White,United Kingdom,United Kingdom,United Kingdom,English,No,Full-Time
69862fe46f588151d2d2c930,6731be489e831394673e6fee,APPROVED,Not Applicable,2026-02-06T18:16:04.479000Z,2026-02-06T18:43:55.689000Z,2026-02-06T19:31:02.481000Z,2026-02-06T18:43:56.073218Z,1672.0,CKEV52BR,610,20,Male,White,United Kingdom,United Kingdom,United Kingdom,English,No,Unemployed (and job seeking)
6986304f5cda1d043024d084,55e876f25e4d360012cc283d,APPROVED,Not Applicable,2026-02-06T18:18:02.753000Z,2026-02-06T18:32:24.246000Z,2026-02-06T19:31:02.855000Z,2026-02-06T18:32:24.631618Z,862.0,CKEV52BR,3072,31,Male,White,United Kingdom,United Kingdom,United Kingdom,English,No,Full-Time
6986306c9a15966239d985f9,5d5a8cbeeb68e00018d85fb7,APPROVED,Not Applicable,2026-02-06T18:18:25.763000Z,2026-02-06T18:29:17.212000Z,2026-02-06T19:31:25.793000Z,2026-02-06T18:29:17.600650Z,652.0,CKEV52BR,3043,28,Female,White,United Kingdom,United Kingdom,United Kingdom,English,No,Part-Time
698630cc46772b0e68d8d8c0,5b17642244127b00013f7f65,APPROVED,Not Applicable,2026-02-06T18:20:05.139000Z,2026-02-06T18:46:07.945000Z,2026-02-06T19:31:26.125000Z,2026-02-06T18:46:08.355956Z,1563.0,CKEV52BR,3671,40,Female,Black,United Kingdom,United Kingdom,United Kingdom,English,No,Full-Time
698630cc95c302cf920e2613,6978d532e03b49d2072f4538,APPROVED,Not Applicable,2026-02-06T18:20:31.478000Z,2026-02-06T18:33:10.994000Z,2026-02-06T19:31:26.455000Z,2026-02-06T18:33:11.384194Z,760.0,CKEV52BR,48,33,Female,White,United Kingdom,United Kingdom,United Kingdom,English,No,Full-Time
6986315b5c77d1d3383bc823,62aa591a476ebabe28612a92,APPROVED,Not Applicable,2026-02-06T18:22:24.042000Z,2026-02-06T19:16:35.445000Z,2026-02-06T19:31:03.484000Z,2026-02-06T19:16:35.846992Z,3252.0,CKEV52BR,4341,36,Male,White,United Kingdom,United Kingdom,United Kingdom,English,No,Full-Time
6986317d35301440466bfc37,602a2911a73ba046955f6c58,APPROVED,Not Applicable,2026-02-06T18:23:02.964000Z,2026-02-06T18:35:06.361000Z,2026-02-06T19:31:26.744000Z,2026-02-06T18:35:06.771472Z,724.0,CKEV52BR,4222,56,Female,White,United Kingdom,United Kingdom,United Kingdom,English,DATA_EXPIRED,DATA_EXPIRED
698631bae18c736515f62774,574061ecd700ea000ef44a8f,APPROVED,Not Applicable,2026-02-06T18:23:59.791000Z,2026-02-06T18:45:45.275000Z,2026-02-06T19:31:03.905000Z,2026-02-06T18:45:45.666052Z,1306.0,CKEV52BR,697,35,Male,Black,United Kingdom,United Kingdom,United Kingdom,English,No,Part-Time
698631f3cfda2ed0ce12cb90,5bfe0d18e373c90001b57c71,APPROVED,Not Applicable,2026-02-06T18:25:01.108000Z,2026-02-06T18:48:38.779000Z,2026-02-06T19:31:27.129000Z,2026-02-06T18:48:39.194369Z,1418.0,CKEV52BR,2240,61,Female,White,United Kingdom,United Kingdom,United Kingdom,English,No,Part-Time
698632069018b70496670506,6659c64e90a02f94c92e944d,APPROVED,Not Applicable,2026-02-06T18:26:29.652000Z,2026-02-06T18:37:49.936000Z,2026-02-06T19:31:27.504000Z,2026-02-06T18:37:50.317775Z,681.0,CKEV52BR,429,26,Female,Asian,United Kingdom,United Kingdom,United Kingdom,English,No,"Not in paid work (e.g. homemaker', 'retired or disabled)"
69863264f6f5e344ae0145c4,6978c747e184ed4d0341f8a2,APPROVED,Not Applicable,2026-02-06T18:26:44.557000Z,2026-02-06T18:38:09.002000Z,2026-02-06T19:31:27.804000Z,2026-02-06T18:38:09.393704Z,685.0,CKEV52BR,233,22,Female,White,United Kingdom,United Kingdom,United Kingdom,English,No,Unemployed (and job seeking)
698632ff9ffd638262da730d,59e7276d5de9b000017ed1c1,APPROVED,Not Applicable,2026-02-06T18:32:57.123000Z,2026-02-06T19:08:44.906000Z,2026-02-06T19:31:04.237000Z,2026-02-06T19:08:45.339070Z,2148.0,CKEV52BR,2836,44,Male,Asian,United Kingdom,United Kingdom,United Kingdom,English,No,Other
6986335ba5bf0f34077cf004,58a9acb966e4640001c53a7f,APPROVED,Not Applicable,2026-02-06T18:30:51.419000Z,2026-02-06T18:45:10.292000Z,2026-02-06T19:31:04.563000Z,2026-02-06T18:45:10.730680Z,859.0,CKEV52BR,3343,35,Male,White,United Kingdom,United Kingdom,United Kingdom,English,DATA_EXPIRED,DATA_EXPIRED
6986335ea6bef9287c5d0182,682b3f63d0e2c4eff64fe664,APPROVED,Not Applicable,2026-02-06T18:30:54.136000Z,2026-02-06T18:48:36.607000Z,2026-02-06T19:31:04.867000Z,2026-02-06T18:48:37.026573Z,1063.0,CKEV52BR,2677,71,Male,White,Germany,United Kingdom,United Kingdom,English,No,"Not in paid work (e.g. homemaker', 'retired or disabled)"
698633c25a1a6806a102a784,5a9fa90f873cda00010d29d8,APPROVED,Not Applicable,2026-02-06T18:32:42.025000Z,2026-02-06T18:50:04.335000Z,2026-02-06T19:31:05.169000Z,2026-02-06T18:50:04.724992Z,1043.0,CKEV52BR,7035,26,Male,White,United Kingdom,United Kingdom,United Kingdom,English,DATA_EXPIRED,Full-Time
698633ea1bedbe23664419df,6146fae1e27a56034fdcb5c5,APPROVED,Not Applicable,2026-02-06T18:33:37.507000Z,2026-02-06T18:52:50.758000Z,2026-02-06T19:31:28.115000Z,2026-02-06T18:52:51.199436Z,1154.0,CKEV52BR,2489,35,Female,White,United Kingdom,United Kingdom,United Kingdom,English,Yes,Full-Time
698634612a9f0ee556fb81f0,5c2ebf3e626018000134986f,APPROVED,Not Applicable,2026-02-06T18:35:21.875000Z,2026-02-06T18:56:49.324000Z,2026-02-06T19:31:05.465000Z,2026-02-06T18:56:49.768205Z,1288.0,CKEV52BR,2812,44,Male,White,United Kingdom,United Kingdom,United Kingdom,English,No,Full-Time
69863467aac1e21da6a1766c,57acc170c6bab4000172a42e,APPROVED,Not Applicable,2026-02-06T18:39:32.331000Z,2026-02-06T19:02:10.677000Z,2026-02-06T19:31:28.449000Z,2026-02-06T19:02:11.129788Z,1359.0,CKEV52BR,2903,34,Female,White,United Kingdom,United Kingdom,United Kingdom,English,DATA_EXPIRED,DATA_EXPIRED
6986350676e8998a74750245,66d45f42363a8f00a02d8581,APPROVED,Not Applicable,2026-02-06T18:40:45.531000Z,2026-02-06T18:53:24.577000Z,2026-02-06T19:31:05.773000Z,2026-02-06T18:53:25.035550Z,760.0,CKEV52BR,1214,66,Male,White,United Kingdom,United Kingdom,United Kingdom,English,No,"Not in paid work (e.g. homemaker', 'retired or disabled)"
69863518be6c4585155bda75,5c03e86d55555b0001caf233,APPROVED,Not Applicable,2026-02-06T18:38:20.035000Z,2026-02-06T18:54:42.448000Z,2026-02-06T19:31:06.101000Z,2026-02-06T18:54:42.840117Z,983.0,CKEV52BR,225,37,Male,White,United Kingdom,United Kingdom,United Kingdom,English,No,"Not in paid work (e.g. homemaker', 'retired or disabled)"
698635d7bc414cc4fe31cf04,6978fbffc6d80345d4d3f02b,APPROVED,Not Applicable,2026-02-06T18:41:27.405000Z,2026-02-06T18:54:36.286000Z,2026-02-06T19:31:28.912000Z,2026-02-06T18:54:36.688449Z,789.0,CKEV52BR,6,21,Female,White,United Kingdom,United Kingdom,United Kingdom,English,Yes,Part-Time
69863629a13fcfb78abdaf1e,629f2a1f516a323b811b8273,APPROVED,Not Applicable,2026-02-06T18:42:53.286000Z,2026-02-06T19:03:00.121000Z,2026-02-06T19:31:06.404000Z,2026-02-06T19:03:00.512302Z,1207.0,CKEV52BR,1707,36,Male,White,Latvia,United Kingdom,United Kingdom,English,No,Full-Time
698636a0f5379d7ba89dad02,637e3bedd8c3601a81a65889,APPROVED,Not Applicable,2026-02-06T18:44:51.914000Z,2026-02-06T19:01:32.379000Z,2026-02-06T19:31:06.739000Z,2026-02-06T19:01:32.765732Z,1001.0,CKEV52BR,4363,55,Male,White,United Kingdom,United Kingdom,United Kingdom,English,No,Full-Time
698636b7501cae1274a62ee0,5d0e091ccd9c9300191cb9c9,APPROVED,Not Applicable,2026-02-06T18:50:27.986000Z,2026-02-06T19:15:29.225000Z,2026-02-06T19:31:29.207000Z,2026-02-06T19:15:29.647889Z,1502.0,CKEV52BR,2411,35,Female,Mixed,United Kingdom,United Kingdom,United Kingdom,English,No,Full-Time
698636ff6c948b7611e9978c,5ce031fc7f65ee001a985a6b,APPROVED,Not Applicable,2026-02-06T18:46:23.436000Z,2026-02-06T19:02:56.358000Z,2026-02-06T19:31:30.446000Z,2026-02-06T19:02:57.005860Z,993.0,ckev52br,2157,26,Female,Asian,United Kingdom,United Kingdom,United Kingdom,English,DATA_EXPIRED,DATA_EXPIRED
6986370484b800d4dd595da4,5be1c6db93cab6000123baf9,APPROVED,Not Applicable,2026-02-06T18:46:35.182000Z,2026-02-06T18:59:56.305000Z,2026-02-06T19:31:10.096000Z,2026-02-06T18:59:56.674348Z,802.0,CKEV52BR,2849,70,Male,White,United Kingdom,United Kingdom,United Kingdom,English,No,"Not in paid work (e.g. homemaker', 'retired or disabled)"
69863786f8db44bc87ef36f2,602c0fc2eff74b4748e9b41e,APPROVED,Not Applicable,2026-02-06T18:48:38.494000Z,2026-02-06T18:59:29.024000Z,2026-02-06T19:31:10.458000Z,2026-02-06T18:59:29.395610Z,651.0,CKEV52BR,2738,35,Male,Mixed,United Kingdom,United Kingdom,United Kingdom,English,No,Full-Time
6986378ef833f1d3685b089d,67694ed279dcc7886422c247,APPROVED,Not Applicable,2026-02-06T18:48:50.015000Z,2026-02-06T19:02:24.938000Z,2026-02-06T19:31:30.925000Z,2026-02-06T19:02:25.363359Z,815.0,CKEV52BR,840,36,Female,White,United Kingdom,United Kingdom,United Kingdom,English,No,"Not in paid work (e.g. homemaker', 'retired or disabled)"
698637ec0c2f171b888ac20a,5eca46c6c1e2c601290bab15,APPROVED,Not Applicable,2026-02-06T18:50:26.182000Z,2026-02-06T19:03:13.058000Z,2026-02-06T19:31:10.853000Z,2026-02-06T19:03:13.456897Z,767.0,CKEV52BR,2632,61,Male,White,United Kingdom,United Kingdom,United Kingdom,English,DATA_EXPIRED,DATA_EXPIRED
698638b7850beabbd5315351,698343b296bc923e3adf259a,APPROVED,Not Applicable,2026-02-06T18:53:48.150000Z,2026-02-06T19:10:46.919000Z,2026-02-06T19:31:31.265000Z,2026-02-06T19:10:47.297061Z,1019.0,CKEV52BR,12,25,Female,White,United Kingdom,United Kingdom,United Kingdom,English,No,Other
698638fcec070e7f27017bed,5778eeb20e49300001ba9ec0,APPROVED,Not Applicable,2026-02-06T18:55:04.231000Z,2026-02-06T19:19:52.367000Z,2026-02-06T19:31:11.220000Z,2026-02-06T19:19:52.746418Z,1489.0,CKEV52BR,2833,60,Male,White,United Kingdom,United Kingdom,United Kingdom,English,DATA_EXPIRED,DATA_EXPIRED
698639217f7e3dd75c117b99,63d55a0ed568b46c67fd96fe,APPROVED,Not Applicable,2026-02-06T18:55:34.474000Z,2026-02-06T19:18:05.054000Z,2026-02-06T19:31:11.553000Z,2026-02-06T19:18:05.439898Z,1351.0,CKEV52BR,586,43,Male,White,United Kingdom,United Kingdom,United Kingdom,English,No,Full-Time
69863923911840b494c0603a,5dede922ad51834919f11f91,APPROVED,Not Applicable,2026-02-06T18:55:48.103000Z,2026-02-06T19:08:16.929000Z,2026-02-06T19:31:31.611000Z,2026-02-06T19:08:17.369658Z,749.0,CKEV52BR,1645,34,Female,White,United Kingdom,United Kingdom,United Kingdom,English,No,Full-Time
6986392a3801226cb55fa6bd,5f3c1349262f9fa0b39470c3,APPROVED,Not Applicable,2026-02-06T19:01:46.135000Z,2026-02-06T19:42:46.093000Z,2026-02-06T19:47:43.172000Z,2026-02-06T19:42:46.495514Z,2460.0,CKEV52BR,383,55,Female,White,United Kingdom,United Kingdom,United Kingdom,English,DATA_EXPIRED,DATA_EXPIRED
698639595ac11ee4133d1884,56f597c5736c79000b228052,APPROVED,Not Applicable,2026-02-06T18:58:21.948000Z,2026-02-06T19:16:06.727000Z,2026-02-06T19:31:11.897000Z,2026-02-06T19:16:07.125483Z,1065.0,CKEV52BR,5731,40,Male,Mixed,United Kingdom,United Kingdom,United Kingdom,English,DATA_EXPIRED,Full-Time
6986397c16c5fc0bd46ef5f4,663f7196a07afa04b277db38,APPROVED,Not Applicable,2026-02-06T18:57:00.664000Z,2026-02-06T19:33:16.433000Z,2026-02-06T19:47:43.448000Z,2026-02-06T19:33:16.827631Z,2176.0,CKEV52BR,2896,58,Female,White,United Kingdom,United Kingdom,United Kingdom,English,No,Full-Time
698639e2428484837b7182d9,5ee637a18976fc391312fe01,APPROVED,Not Applicable,2026-02-06T18:58:57.523000Z,2026-02-06T19:20:02.396000Z,2026-02-06T19:31:12.183000Z,2026-02-06T19:20:02.775049Z,1265.0,CKEV52BR,8128,50,Male,White,United Kingdom,United Kingdom,United Kingdom,English,No,Full-Time
69863a115cd0bff3b43e9f02,6023f94d1951e70ae21770ec,APPROVED,Not Applicable,2026-02-06T18:59:33.180000Z,2026-02-06T19:14:30.074000Z,2026-02-06T19:31:12.472000Z,2026-02-06T19:14:30.493130Z,897.0,CKEV52BR,3864,38,Male,White,United Kingdom,United Kingdom,United Kingdom,English,Yes,Full-Time
69863a352609f2c9957f93c4,5af32f9d003f6c0001f2905b,APPROVED,Not Applicable,2026-02-06T19:07:02.098000Z,2026-02-06T19:21:40.352000Z,2026-02-06T19:31:31.916000Z,2026-02-06T19:21:40.883305Z,879.0,CKEV52BR,2464,68,Female,White,United Kingdom,United Kingdom,United Kingdom,English,No,Part-Time
69863a95d78da64ce4295f84,5e3723a2c0b2896ad554be73,APPROVED,Not Applicable,2026-02-06T19:01:45.039000Z,2026-02-06T19:17:39.135000Z,2026-02-06T19:31:32.210000Z,2026-02-06T19:17:39.508251Z,955.0,CKEV52BR,5129,48,Female,White,United Kingdom,United Kingdom,United Kingdom,English,No,Full-Time
69863ae0e8c812319a3aaf5f,6769cb4f6aa7227a05a25d3f,APPROVED,Not Applicable,2026-02-06T19:02:56.022000Z,2026-02-06T19:33:16.898000Z,2026-02-06T19:47:41.938000Z,2026-02-06T19:33:17.335851Z,1821.0,CKEV52BR,1235,34,Male,Black,United Kingdom,United Kingdom,United Kingdom,English,No,Full-Time
69863afcc73190732fd2a438,6662f201ccf41c36e7408562,APPROVED,Not Applicable,2026-02-06T19:03:24.861000Z,2026-02-06T19:15:46.497000Z,2026-02-06T19:31:32.524000Z,2026-02-06T19:15:46.897480Z,742.0,CKEV52BR,888,33,Female,White,United Kingdom,United Kingdom,United Kingdom,English,No,Unemployed (and job seeking)
69863b130258b4e8c7645176,5460ef52fdf99b49ea4b5906,APPROVED,Not Applicable,2026-02-06T19:04:08.713000Z,2026-02-06T19:25:46.025000Z,2026-02-06T19:31:12.816000Z,2026-02-06T19:25:46.438833Z,1298.0,CKEV52BR,4027,43,Male,White,United Kingdom,United Kingdom,United Kingdom,English,DATA_EXPIRED,Full-Time
69863b1c0fcebb8f7002da3d,60fd310fff5b2600c9d95554,APPROVED,Not Applicable,2026-02-06T19:03:59.250000Z,2026-02-06T19:27:35.562000Z,2026-02-06T19:47:43.715000Z,2026-02-06T19:27:35.973223Z,1417.0,CKEV52BR,3459,33,Female,White,United Kingdom,United Kingdom,United Kingdom,English,No,DATA_EXPIRED
69863b1d43f59943013216b5,665c955224ed3dc01981b68d,APPROVED,Not Applicable,2026-02-06T19:04:02.155000Z,2026-02-06T19:14:51.996000Z,2026-02-06T19:31:32.829000Z,2026-02-06T19:14:52.371706Z,650.0,CKEV52BR,740,27,Female,White,United Kingdom,United Kingdom,United Kingdom,English,DATA_EXPIRED,DATA_EXPIRED
69863c2bfbd0d1e13d7b9fa9,5cf510ccb0bafb00161ffd56,APPROVED,Not Applicable,2026-02-06T19:09:32.446000Z,2026-02-06T19:26:51.709000Z,2026-02-06T19:47:44.003000Z,2026-02-06T19:26:52.107330Z,1040.0,CKEV52BR,3078,27,Female,White,United Kingdom,United Kingdom,United Kingdom,English,No,Full-Time
69863c546105b14a868fb9ce,5ae608ca02d85e00017db18d,APPROVED,Not Applicable,2026-02-06T19:09:15.425000Z,2026-02-06T19:23:57.811000Z,2026-02-06T19:31:33.181000Z,2026-02-06T19:23:58.193940Z,883.0,CKEV52BR,3482,61,Female,White,United Kingdom,United Kingdom,United Kingdom,English,No,Full-Time
69863cc3aea12ac08daca959,695c0b495401e21ebd0d17c8,APPROVED,Not Applicable,2026-02-06T19:11:11.701000Z,2026-02-06T19:30:43.923000Z,2026-02-06T19:47:44.290000Z,2026-02-06T19:30:44.324621Z,1173.0,CKEV52BR,402,40,Female,Asian,United Kingdom,United Kingdom,United Kingdom,English,No,Part-Time
69863dac8f988f4f1fedac74,59a7cfeb7ff2320001ec59d9,APPROVED,Not Applicable,2026-02-06T19:14:56.430000Z,2026-02-06T19:38:48.070000Z,2026-02-06T19:47:44.598000Z,2026-02-06T19:38:48.444037Z,1432.0,CKEV52BR,5419,56,Female,Mixed,United Kingdom,United Kingdom,United Kingdom,English,No,DATA_EXPIRED
69863daf3c76312b83a34f05,661456e17a86d23e34c091fd,APPROVED,Not Applicable,2026-02-06T19:15:04.494000Z,2026-02-06T19:38:14.532000Z,2026-02-06T19:47:44.946000Z,2026-02-06T19:38:14.920437Z,1391.0,CKEV52BR,521,52,Female,White,United Kingdom,United Kingdom,United Kingdom,English,No,Part-Time
69863ddcc22bb56bad42eef8,6978c99bb13860806e9e4298,APPROVED,Not Applicable,2026-02-06T19:15:42.665000Z,2026-02-06T19:30:47.990000Z,2026-02-06T19:47:45.443000Z,2026-02-06T19:30:48.408192Z,906.0,CKEV52BR,40,28,Female,White,United Kingdom,United Kingdom,United Kingdom,English,No,Full-Time
69863e12058ec7575688b769,6652177d69df798e71da8ff2,APPROVED,Not Applicable,2026-02-06T19:16:39.578000Z,2026-02-06T19:42:28.390000Z,2026-02-06T19:47:45.830000Z,2026-02-06T19:42:28.798000Z,1549.0,CKEV52BR,625,36,Female,Asian,United Kingdom,United Kingdom,United Kingdom,English,No,Unemployed (and job seeking)
69863e246baef000c0d4d237,6978c488d801e64f18d9e371,APPROVED,Not Applicable,2026-02-06T19:17:01.177000Z,2026-02-06T19:31:07.931000Z,2026-02-06T19:47:46.245000Z,2026-02-06T19:31:08.344560Z,847.0,CKEV52BR,11,31,Female,White,United Kingdom,United Kingdom,United Kingdom,English,No,Due to start a new job within the next month
69863e34cb12b1ad3a6a6c97,663b88bfc26125e23f752e31,APPROVED,Not Applicable,2026-02-06T19:17:44.989000Z,2026-02-06T19:31:51.348000Z,2026-02-06T19:47:46.553000Z,2026-02-06T19:31:51.752057Z,847.0,CKEV52BR,2188,61,Female,White,United Kingdom,United Kingdom,United Kingdom,English,No,Part-Time
69863e590708019c4fa26a4e,66839058a88759d4987e3e1c,APPROVED,Not Applicable,2026-02-06T19:17:49.072000Z,2026-02-06T19:30:04.619000Z,2026-02-06T19:47:46.878000Z,2026-02-06T19:30:05.036489Z,736.0,CKEV52BR,1765,49,Female,White,United Kingdom,United Kingdom,United Kingdom,English,No,Part-Time
69863e5ead75e4e877d93239,6614fb6af3c5aa23b962ea2d,APPROVED,Not Applicable,2026-02-06T19:18:07.885000Z,2026-02-06T19:37:00.033000Z,2026-02-06T19:47:42.252000Z,2026-02-06T19:37:00.440629Z,1133.0,CKEV52BR,2578,57,Male,Asian,India,United Kingdom,United Kingdom,English,No,"Not in paid work (e.g. homemaker', 'retired or disabled)"
69863eeeaddbcdff0f5c6654,5b985404a15058000124e508,APPROVED,Not Applicable,2026-02-06T19:20:18.704000Z,2026-02-06T20:12:17.865000Z,2026-02-06T20:14:27.552000Z,2026-02-06T20:12:18.260476Z,3120.0,CKEV52BR,1594,32,Male,White,United Kingdom,United Kingdom,United Kingdom,English,No,Full-Time
69863f1c54f823cdff4aaee0,5c5ff87f8c0552000109d7de,APPROVED,Not Applicable,2026-02-06T19:21:43.760000Z,2026-02-06T19:47:33.942000Z,2026-02-06T20:14:35.194000Z,2026-02-06T19:47:34.346957Z,1551.0,CKEV52BR,3726,33,Female,White,United Kingdom,United Kingdom,United Kingdom,English,No,Part-Time
69863f22f040b766a21c8028,60a7525e98d472c4777d91af,APPROVED,Not Applicable,2026-02-06T19:21:11.153000Z,2026-02-06T19:34:01.480000Z,2026-02-06T19:47:42.596000Z,2026-02-06T19:34:01.863963Z,771.0,CKEV52BR,929,28,Male,White,United Kingdom,United Kingdom,United Kingdom,English,DATA_EXPIRED,Full-Time
69863f489bd050247c8a92c9,672829a7adf1507c6ac0a6a2,APPROVED,Not Applicable,2026-02-06T19:21:51.766000Z,2026-02-06T19:36:58.245000Z,2026-02-06T19:47:47.191000Z,2026-02-06T19:36:58.660440Z,907.0,CKEV52BR,1037,51,Female,White,United Kingdom,United Kingdom,United Kingdom,English,No,Full-Time
698640551f6804939e03d19a,6658b14cfcfccc0b76bb64f7,APPROVED,Not Applicable,2026-02-06T19:26:17.190000Z,2026-02-06T19:35:53.470000Z,2026-02-06T19:47:42.872000Z,2026-02-06T19:35:53.858448Z,577.0,CKEV52BR,1394,31,Male,White,United Kingdom,United Kingdom,United Kingdom,English,Yes,Full-Time
6986407f0dfc723a0ff3e74e,5f13fa31696881329aea2f14,APPROVED,Not Applicable,2026-02-06T19:27:00.454000Z,2026-02-06T19:39:38.377000Z,2026-02-06T19:47:47.465000Z,2026-02-06T19:39:38.778562Z,758.0,CKEV52BR,2149,39,Female,White,United Kingdom,United Kingdom,United Kingdom,English,No,"Not in paid work (e.g. homemaker', 'retired or disabled)"
698641668b8f9dcaa45d01cb,646e53ef6c1dac9a13cd2985,APPROVED,Not Applicable,2026-02-06T19:32:13.385000Z,2026-02-06T19:50:21.262000Z,2026-02-06T20:14:35.472000Z,2026-02-06T19:50:21.664521Z,1088.0,CKEV52BR,1905,50,Female,White,United Kingdom,United Kingdom,United Kingdom,English,No,Other
698641a6611e863584f262cc,56896501d3d6a7000ca23da8,APPROVED,Not Applicable,2026-02-06T19:31:54.782000Z,2026-02-06T19:40:03.391000Z,2026-02-06T19:47:47.771000Z,2026-02-06T19:40:03.847250Z,489.0,CKEV52BR,2567,36,Female,White,United Kingdom,United Kingdom,United Kingdom,English,No,Full-Time
698641aad34cfa74ad8285da,615aa08d1a0ab4eb57d08af2,APPROVED,Not Applicable,2026-02-06T19:32:46.918000Z,2026-02-06T19:49:13.919000Z,2026-02-06T20:14:35.743000Z,2026-02-06T19:49:14.328433Z,988.0,CKEV52BR,636,47,Female,White,United Kingdom,United Kingdom,United Kingdom,English,No,Part-Time
698641ab86822669337f93ee,60ef416bf0b42b5595e4f4c0,APPROVED,Not Applicable,2026-02-06T19:31:59.351000Z,2026-02-06T19:43:56.013000Z,2026-02-06T19:47:48.137000Z,2026-02-06T19:43:57.021510Z,717.0,CKEV52BR,2678,33,Female,White,United Kingdom,United Kingdom,United Kingdom,English,No,Part-Time
698641bc716ec6381ad4d293,5e3d98be8ed4a5000e47cf4c,APPROVED,Not Applicable,2026-02-06T19:32:17.378000Z,2026-02-06T19:49:03.789000Z,2026-02-06T20:14:36.029000Z,2026-02-06T19:49:04.196375Z,1007.0,CKEV52BR,720,63,Female,White,United Kingdom,United Kingdom,United Kingdom,English,No,Unemployed (and job seeking)
698642148f83fbbd1a770c20,6972b0b0c2924882d080f30b,APPROVED,Not Applicable,2026-02-06T19:33:44.909000Z,2026-02-06T19:47:15.246000Z,2026-02-06T19:47:48.473000Z,2026-02-06T19:47:15.625265Z,811.0,CKEV52BR,76,41,Female,Mixed,United Kingdom,United Kingdom,United Kingdom,English,No,Due to start a new job within the next month
6986423481c199424f5e57dd,56d1f7f67bbc32000589a588,APPROVED,Not Applicable,2026-02-06T19:34:12.893000Z,2026-02-06T19:47:25.133000Z,2026-02-06T19:47:48.744000Z,2026-02-06T19:47:25.527881Z,793.0,CKEV52BR,3288,22,Female,Asian,United Kingdom,United Kingdom,United Kingdom,English,Yes,DATA_EXPIRED
6986424849d44aa8cfb5c4ae,668c893a3a9a1a960c28e9ad,APPROVED,Not Applicable,2026-02-06T19:35:21.178000Z,2026-02-06T19:59:09.132000Z,2026-02-06T20:14:27.858000Z,2026-02-06T19:59:09.561854Z,1428.0,CKEV52BR,557,20,Male,White,United Kingdom,United Kingdom,United Kingdom,English,No,Unemployed (and job seeking)
698642698b8f9dcaa45d01db,63f6921f294f32b36bb1179e,APPROVED,Not Applicable,2026-02-06T19:35:10.385000Z,2026-02-06T19:50:06.045000Z,2026-02-06T20:14:28.955000Z,2026-02-06T19:50:06.461345Z,896.0,CKEV52BR,3245,61,Male,White,United Kingdom,United Kingdom,United Kingdom,English,No,Full-Time
698642a2e8e34f9cc553ba12,598f22af33481c000164d359,APPROVED,Not Applicable,2026-02-06T19:36:12.907000Z,2026-02-06T19:51:18.411000Z,2026-02-06T20:14:36.364000Z,2026-02-06T19:51:18.784617Z,906.0,CKEV52BR,766,54,Female,White,United Kingdom,United Kingdom,United Kingdom,English,No,Full-Time
698643210409ede8f473ded9,63f77f79278126e103659cf4,APPROVED,Not Applicable,2026-02-06T19:38:12.011000Z,2026-02-06T19:58:57.936000Z,2026-02-06T20:14:29.220000Z,2026-02-06T19:58:58.322799Z,1246.0,CKEV52BR,3402,29,Male,White,United Kingdom,United Kingdom,United Kingdom,English,No,Full-Time
69864339be7190e08235b7bf,5d776e218a8d1d00166d36a6,APPROVED,Not Applicable,2026-02-06T19:38:48.448000Z,2026-02-06T19:57:55.596000Z,2026-02-06T20:14:29.502000Z,2026-02-06T19:57:55.958431Z,1148.0,CKEV52BR,4851,35,Male,White,United Kingdom,United Kingdom,United Kingdom,English,No,Full-Time
698643a5351162dd853377fd,5f68fe45f544c70bb0f525e6,APPROVED,Not Applicable,2026-02-06T19:40:27.306000Z,2026-02-06T19:55:53.763000Z,2026-02-06T20:14:29.866000Z,2026-02-06T19:55:54.154843Z,927.0,CKEV52BR,3544,60,Male,White,United Kingdom,United Kingdom,United Kingdom,English,No,Part-Time
698643a7d6126e41baf521a8,6266b7c4afe8a0ff03ca1f53,APPROVED,Not Applicable,2026-02-06T19:40:23.558000Z,2026-02-06T20:03:02.786000Z,2026-02-06T20:14:30.262000Z,2026-02-06T20:03:03.160720Z,1360.0,CKEV52BR,5133,52,Male,White,United Kingdom,United Kingdom,United Kingdom,English,No,Other
698643df0ff1d284e7f01ee0,67d7598ad9aacf9073ca130d,APPROVED,Not Applicable,2026-02-06T19:41:32.633000Z,2026-02-06T19:59:34.553000Z,2026-02-06T20:14:30.664000Z,2026-02-06T19:59:34.936492Z,1082.0,CKEV52BR,1352,68,Male,White,United Kingdom,United Kingdom,United Kingdom,English,No,Part-Time
6986441e77366215d44b0ec6,5a5c871aac5624000153f89e,APPROVED,Not Applicable,2026-02-06T19:42:40.555000Z,2026-02-06T19:59:02.488000Z,2026-02-06T20:14:31.002000Z,2026-02-06T19:59:02.899535Z,982.0,CKEV52BR,2806,62,Male,White,United Kingdom,United Kingdom,United Kingdom,English,No,Full-Time
698644df1fe6825c357501dd,6053790f2babfba77b1cfebb,APPROVED,Not Applicable,2026-02-06T19:45:42.828000Z,2026-02-06T20:11:45.296000Z,2026-02-06T20:14:31.406000Z,2026-02-06T20:11:45.733150Z,1563.0,CKEV52BR,2375,71,Male,White,United Kingdom,United Kingdom,United Kingdom,English,No,"Not in paid work (e.g. homemaker', 'retired or disabled)"
698645cf4d3149a2bb4c0b12,5929c96027ea400001301061,APPROVED,Not Applicable,2026-02-06T19:49:38.712000Z,2026-02-06T20:03:05.504000Z,2026-02-06T20:14:31.852000Z,2026-02-06T20:03:05.905297Z,807.0,CKEV52BR,2359,53,Male,White,United Kingdom,United Kingdom,United Kingdom,English,No,Full-Time
698645d4deac8edc0a79ba99,5dfa87ae0562057caa68989c,APPROVED,Not Applicable,2026-02-06T19:49:44.719000Z,2026-02-06T20:06:23.992000Z,2026-02-06T20:14:32.320000Z,2026-02-06T20:06:24.369776Z,1000.0,CKEV52BR,2556,67,Male,White,United Kingdom,United Kingdom,United Kingdom,English,No,"Not in paid work (e.g. homemaker', 'retired or disabled)"
698646009f9dae795ac7bf53,59ff8226ab721b0001ef6e61,APPROVED,Not Applicable,2026-02-06T19:50:30.893000Z,2026-02-06T20:07:13.623000Z,2026-02-06T20:14:32.659000Z,2026-02-06T20:07:14.019110Z,1003.0,CKEV52BR,4324,47,Male,White,United Kingdom,United Kingdom,United Kingdom,English,No,Full-Time
6986460ef31c96043102a760,5de25e3fce20cd28846a7d5b,APPROVED,Not Applicable,2026-02-06T19:53:30.590000Z,2026-02-06T20:06:56.791000Z,2026-02-06T20:14:33.090000Z,2026-02-06T20:06:57.205014Z,807.0,CKEV52BR,4947,53,Male,White,United Kingdom,United Kingdom,United Kingdom,English,No,Full-Time
69864661436301d0d5295f49,62a48506f3909024ebb98ea5,APPROVED,Not Applicable,2026-02-06T19:52:31.121000Z,2026-02-06T20:15:37.183000Z,2026-02-06T20:33:18.032000Z,2026-02-06T20:15:37.637978Z,1387.0,CKEV52BR,525,21,Male,White,United Kingdom,United Kingdom,United Kingdom,English,DATA_EXPIRED,DATA_EXPIRED
6986466da67d5b6464cea8f2,5af6e439672ea800010d4e92,APPROVED,Not Applicable,2026-02-06T19:52:20.187000Z,2026-02-06T20:07:55.825000Z,2026-02-06T20:14:33.497000Z,2026-02-06T20:07:56.208484Z,936.0,CKEV52BR,5641,66,Male,White,United Kingdom,United Kingdom,United Kingdom,English,No,Full-Time
698646785cccd456e341b6a2,66791803d705a68960cb4976,APPROVED,Not Applicable,2026-02-06T19:52:32.679000Z,2026-02-06T20:04:45.569000Z,2026-02-06T20:14:33.880000Z,2026-02-06T20:04:45.996582Z,733.0,CKEV52BR,2242,40,Male,White,United Kingdom,United Kingdom,United Kingdom,English,No,Full-Time
698646e5bb0ae65bfcc04a23,631193fff8094698c07c9ef6,APPROVED,Not Applicable,2026-02-06T19:54:39.093000Z,2026-02-06T20:18:00.539000Z,2026-02-06T20:33:18.468000Z,2026-02-06T20:18:00.934580Z,1402.0,CKEV52BR,674,34,Male,White,United Kingdom,United Kingdom,United Kingdom,English,No,Full-Time
6986472d1f77ed8673d4d278,667b36a0609df7ce1b55b889,APPROVED,Not Applicable,2026-02-06T19:55:27.940000Z,2026-02-06T20:09:08.706000Z,2026-02-06T20:14:34.395000Z,2026-02-06T20:09:09.191111Z,821.0,CKEV52BR,1250,29,Male,White,United Kingdom,United Kingdom,United Kingdom,English,Yes,Part-Time
698647de9e8c60ea9203d10b,668a9e53e7690b3b64d48e92,APPROVED,Not Applicable,2026-02-06T19:58:22.434000Z,2026-02-06T20:32:30.918000Z,2026-02-06T20:33:18.891000Z,2026-02-06T20:32:31.631885Z,2049.0,CKEV52BR,2751,48,Male,Asian,United Kingdom,United Kingdom,United Kingdom,English,DATA_EXPIRED,Full-Time
698648c12d22869ad934a969,5f070f43ccb7312abdbd9771,APPROVED,Not Applicable,2026-02-06T20:02:14.540000Z,2026-02-06T20:18:58.744000Z,2026-02-06T20:33:19.309000Z,2026-02-06T20:18:59.168543Z,1005.0,CKEV52BR,179,23,Male,White,United Kingdom,United Kingdom,United Kingdom,English,No,Full-Time
698648c7772111d9a5e6fd79,6310c063bd0cce86b0289d20,APPROVED,Not Applicable,2026-02-06T20:02:42.906000Z,2026-02-06T20:12:00.823000Z,2026-02-06T20:14:34.839000Z,2026-02-06T20:12:01.219010Z,558.0,CKEV52BR,4573,29,Male,White,United Kingdom,United Kingdom,United Kingdom,English,No,Full-Time
698648d0ae290d180b2c6cab,5d34862748bf98000146b64f,APPROVED,Not Applicable,2026-02-06T20:02:27.774000Z,2026-02-06T20:31:13.139000Z,2026-02-06T20:33:19.684000Z,2026-02-06T20:31:13.607512Z,1726.0,CKEV52BR,5416,32,Male,White,United Kingdom,United Kingdom,United Kingdom,English,Yes,Full-Time
69864986f5cfbaf538a8e9cf,5de7e32615e112000a098944,APPROVED,Not Applicable,2026-02-06T20:05:34.973000Z,2026-02-06T20:21:20.938000Z,2026-02-06T20:33:20.083000Z,2026-02-06T20:21:21.358063Z,946.0,CKEV52BR,829,45,Male,White,United Kingdom,United Kingdom,United Kingdom,English,No,"Not in paid work (e.g. homemaker', 'retired or disabled)"
69864ae23b58acb47498bee1,669053bbebafdd430e770142,APPROVED,Not Applicable,2026-02-06T20:11:18.897000Z,2026-02-06T20:23:43.380000Z,2026-02-06T20:33:21.019000Z,2026-02-06T20:23:43.890811Z,745.0,CKEV52BR,3521,50,Female,White,United Kingdom,United Kingdom,United Kingdom,English,No,Part-Time
69864b3aebfbf88c60b5c355,5c747244f33ac60001b7a9e2,APPROVED,Not Applicable,2026-02-06T20:13:59.185000Z,2026-02-06T20:25:34.818000Z,2026-02-06T20:33:20.559000Z,2026-02-06T20:25:35.225812Z,696.0,CKEV52BR,3741,48,Male,White,United Kingdom,United Kingdom,United Kingdom,English,No,Full-Time
6985fe7a34c951c5ef3f72d1,5eb7094fbb8ed70b61398cff,RETURNED,Not Applicable,2026-02-06T14:56:00.017000Z,,,,,,4664,CONSENT_REVOKED,CONSENT_REVOKED,CONSENT_REVOKED,CONSENT_REVOKED,CONSENT_REVOKED,CONSENT_REVOKED,CONSENT_REVOKED,CONSENT_REVOKED,CONSENT_REVOKED
6985ff387c51ade49ea221bf,6127d9f67a9a57d0ef7a6f52,RETURNED,Not Applicable,2026-02-06T14:48:29.575000Z,,,,,,1143,CONSENT_REVOKED,CONSENT_REVOKED,CONSENT_REVOKED,CONSENT_REVOKED,CONSENT_REVOKED,CONSENT_REVOKED,CONSENT_REVOKED,CONSENT_REVOKED,CONSENT_REVOKED
6985fff1ad74542e80ab935d,6130c7f7d0112fa23b17079c,RETURNED,Not Applicable,2026-02-06T14:51:52.149000Z,,,,,,4367,CONSENT_REVOKED,CONSENT_REVOKED,CONSENT_REVOKED,CONSENT_REVOKED,CONSENT_REVOKED,CONSENT_REVOKED,CONSENT_REVOKED,CONSENT_REVOKED,CONSENT_REVOKED
698603e355d800dba91c6964,67c83488e67b25dcb923d96d,RETURNED,Not Applicable,2026-02-06T15:08:23.121000Z,,,,,,1568,CONSENT_REVOKED,CONSENT_REVOKED,CONSENT_REVOKED,CONSENT_REVOKED,CONSENT_REVOKED,CONSENT_REVOKED,CONSENT_REVOKED,CONSENT_REVOKED,CONSENT_REVOKED
6986085101afc1c14b85282b,613a3756d4013bf3ac10d3db,RETURNED,Not Applicable,2026-02-06T15:27:19.209000Z,,,,,,928,CONSENT_REVOKED,CONSENT_REVOKED,CONSENT_REVOKED,CONSENT_REVOKED,CONSENT_REVOKED,CONSENT_REVOKED,CONSENT_REVOKED,CONSENT_REVOKED,CONSENT_REVOKED
698609ce529674d46cfbbf52,6978ca0e47e0a4549d470ae7,RETURNED,Not Applicable,2026-02-06T15:33:46.451000Z,,,,,,63,CONSENT_REVOKED,CONSENT_REVOKED,CONSENT_REVOKED,CONSENT_REVOKED,CONSENT_REVOKED,CONSENT_REVOKED,CONSENT_REVOKED,CONSENT_REVOKED,CONSENT_REVOKED
6986207dfc2a6ec99e099ab6,67628c956106c1752ccacb35,RETURNED,Not Applicable,2026-02-06T17:12:11.357000Z,,,,,,1706,CONSENT_REVOKED,CONSENT_REVOKED,CONSENT_REVOKED,CONSENT_REVOKED,CONSENT_REVOKED,CONSENT_REVOKED,CONSENT_REVOKED,CONSENT_REVOKED,CONSENT_REVOKED
6986210dbbf60334df3e4e4a,5f8aa207fb62d0000838847c,RETURNED,Not Applicable,2026-02-06T17:12:48.741000Z,,,,,,1494,CONSENT_REVOKED,CONSENT_REVOKED,CONSENT_REVOKED,CONSENT_REVOKED,CONSENT_REVOKED,CONSENT_REVOKED,CONSENT_REVOKED,CONSENT_REVOKED,CONSENT_REVOKED
69862178af3e7657ab02a7d6,5eda19fa68ef200309777c96,RETURNED,Not Applicable,2026-02-06T17:14:35.250000Z,,,,,,942,CONSENT_REVOKED,CONSENT_REVOKED,CONSENT_REVOKED,CONSENT_REVOKED,CONSENT_REVOKED,CONSENT_REVOKED,CONSENT_REVOKED,CONSENT_REVOKED,CONSENT_REVOKED
6986250466ccbb542bd4d280,5e31a3142c324c17ab9061d5,RETURNED,Not Applicable,2026-02-06T17:36:25.240000Z,,,,,,898,CONSENT_REVOKED,CONSENT_REVOKED,CONSENT_REVOKED,CONSENT_REVOKED,CONSENT_REVOKED,CONSENT_REVOKED,CONSENT_REVOKED,CONSENT_REVOKED,CONSENT_REVOKED
6986251e8e3b4dd4554442a2,5ea07f2c55a2bd050fd8f70b,RETURNED,Not Applicable,2026-02-06T17:30:18.733000Z,,,,,,2514,CONSENT_REVOKED,CONSENT_REVOKED,CONSENT_REVOKED,CONSENT_REVOKED,CONSENT_REVOKED,CONSENT_REVOKED,CONSENT_REVOKED,CONSENT_REVOKED,CONSENT_REVOKED
6986266e789e5ef1de6dcbbe,6575c4ea606a4f38b29e4e5d,RETURNED,Not Applicable,2026-02-06T17:38:14.338000Z,,,,,,3570,CONSENT_REVOKED,CONSENT_REVOKED,CONSENT_REVOKED,CONSENT_REVOKED,CONSENT_REVOKED,CONSENT_REVOKED,CONSENT_REVOKED,CONSENT_REVOKED,CONSENT_REVOKED
698627ba01689ba1ca3bc79c,629e11c0d89e0c18f21e687a,RETURNED,Not Applicable,2026-02-06T17:41:17.423000Z,,,,,,1440,CONSENT_REVOKED,CONSENT_REVOKED,CONSENT_REVOKED,CONSENT_REVOKED,CONSENT_REVOKED,CONSENT_REVOKED,CONSENT_REVOKED,CONSENT_REVOKED,CONSENT_REVOKED
698628a2417f688963a17646,6304deb78f14a18b18ceed4a,RETURNED,Not Applicable,2026-02-06T17:45:09.849000Z,,,,,,3453,CONSENT_REVOKED,CONSENT_REVOKED,CONSENT_REVOKED,CONSENT_REVOKED,CONSENT_REVOKED,CONSENT_REVOKED,CONSENT_REVOKED,CONSENT_REVOKED,CONSENT_REVOKED
6986296e790d32eb49f6a535,663127d07fb81f5532bcfdad,RETURNED,Not Applicable,2026-02-06T17:48:44.021000Z,,,,,,2414,CONSENT_REVOKED,CONSENT_REVOKED,CONSENT_REVOKED,CONSENT_REVOKED,CONSENT_REVOKED,CONSENT_REVOKED,CONSENT_REVOKED,CONSENT_REVOKED,CONSENT_REVOKED
69862ab3cc8cd87e41fa7c5a,6665e9f9b49082f6458c687d,RETURNED,Not Applicable,2026-02-06T17:53:55.001000Z,,,,,,1139,CONSENT_REVOKED,CONSENT_REVOKED,CONSENT_REVOKED,CONSENT_REVOKED,CONSENT_REVOKED,CONSENT_REVOKED,CONSENT_REVOKED,CONSENT_REVOKED,CONSENT_REVOKED
69862c9568ebfb8b44d9f0ab,5bebf332cef79f00014d230c,RETURNED,Not Applicable,2026-02-06T18:02:00.981000Z,,,,,,6153,CONSENT_REVOKED,CONSENT_REVOKED,CONSENT_REVOKED,CONSENT_REVOKED,CONSENT_REVOKED,CONSENT_REVOKED,CONSENT_REVOKED,CONSENT_REVOKED,CONSENT_REVOKED
69862e052c49ce337edc0753,5eba9c85d1130507bd1a6219,RETURNED,Not Applicable,2026-02-06T18:08:08.966000Z,,,,,,1648,CONSENT_REVOKED,CONSENT_REVOKED,CONSENT_REVOKED,CONSENT_REVOKED,CONSENT_REVOKED,CONSENT_REVOKED,CONSENT_REVOKED,CONSENT_REVOKED,CONSENT_REVOKED
69862ea020245eb2c37f744c,604516dcb387435f27f3ed6f,TIMED-OUT,Not Applicable,2026-02-06T18:10:44.113000Z,,,,43021.0,,1554,34,Male,Mixed,United Kingdom,United Kingdom,United Kingdom,English,No,Full-Time
698630d54f931a1bca0200f7,679a0366c8793f4845badfd6,RETURNED,Not Applicable,2026-02-06T18:24:10.833000Z,,,,,,1345,CONSENT_REVOKED,CONSENT_REVOKED,CONSENT_REVOKED,CONSENT_REVOKED,CONSENT_REVOKED,CONSENT_REVOKED,CONSENT_REVOKED,CONSENT_REVOKED,CONSENT_REVOKED
69863262a190bd4875b73ce8,6765b7480caf6c253ee85ccc,RETURNED,Not Applicable,2026-02-06T18:26:47.269000Z,,,,,,160,CONSENT_REVOKED,CONSENT_REVOKED,CONSENT_REVOKED,CONSENT_REVOKED,CONSENT_REVOKED,CONSENT_REVOKED,CONSENT_REVOKED,CONSENT_REVOKED,CONSENT_REVOKED
6986335a0755cd7e767e0585,62e40abe71c1b7e395e9bf4a,RETURNED,Not Applicable,2026-02-06T18:41:00.009000Z,,,,,,4336,CONSENT_REVOKED,CONSENT_REVOKED,CONSENT_REVOKED,CONSENT_REVOKED,CONSENT_REVOKED,CONSENT_REVOKED,CONSENT_REVOKED,CONSENT_REVOKED,CONSENT_REVOKED
6986367d23e65e7c0c14208b,6317691462a2f2900d1856a8,RETURNED,Not Applicable,2026-02-06T18:44:16.537000Z,,,,,,1565,CONSENT_REVOKED,CONSENT_REVOKED,CONSENT_REVOKED,CONSENT_REVOKED,CONSENT_REVOKED,CONSENT_REVOKED,CONSENT_REVOKED,CONSENT_REVOKED,CONSENT_REVOKED
698636eea12ec957368c45be,5eef2245f9461b073e20f386,RETURNED,Not Applicable,2026-02-06T18:46:10.408000Z,,,,,,3718,CONSENT_REVOKED,CONSENT_REVOKED,CONSENT_REVOKED,CONSENT_REVOKED,CONSENT_REVOKED,CONSENT_REVOKED,CONSENT_REVOKED,CONSENT_REVOKED,CONSENT_REVOKED
6986384822048f78c12e8ef5,642e967a90557425ce089ef5,RETURNED,Not Applicable,2026-02-06T18:51:55.766000Z,,,,,,604,CONSENT_REVOKED,CONSENT_REVOKED,CONSENT_REVOKED,CONSENT_REVOKED,CONSENT_REVOKED,CONSENT_REVOKED,CONSENT_REVOKED,CONSENT_REVOKED,CONSENT_REVOKED
698638c4018e6a0c454b0f3e,67e95b4ce056cb97ac8a5c21,RETURNED,Not Applicable,2026-02-06T18:53:56.049000Z,,,,,,2665,CONSENT_REVOKED,CONSENT_REVOKED,CONSENT_REVOKED,CONSENT_REVOKED,CONSENT_REVOKED,CONSENT_REVOKED,CONSENT_REVOKED,CONSENT_REVOKED,CONSENT_REVOKED
698639269426d91dda321699,571cd566e1d2ec0013a68b64,RETURNED,Not Applicable,2026-02-06T18:55:41.150000Z,,,,,,3021,CONSENT_REVOKED,CONSENT_REVOKED,CONSENT_REVOKED,CONSENT_REVOKED,CONSENT_REVOKED,CONSENT_REVOKED,CONSENT_REVOKED,CONSENT_REVOKED,CONSENT_REVOKED
69863e24ae02634eadf7e379,59692f4467a8600001b714e1,RETURNED,Not Applicable,2026-02-06T19:16:56.556000Z,,,,,,4380,CONSENT_REVOKED,CONSENT_REVOKED,CONSENT_REVOKED,CONSENT_REVOKED,CONSENT_REVOKED,CONSENT_REVOKED,CONSENT_REVOKED,CONSENT_REVOKED,CONSENT_REVOKED
69863fece62a18c8e161223f,5723714684458100120292f6,RETURNED,Not Applicable,2026-02-06T19:24:52.672000Z,,,,,,1767,CONSENT_REVOKED,CONSENT_REVOKED,CONSENT_REVOKED,CONSENT_REVOKED,CONSENT_REVOKED,CONSENT_REVOKED,CONSENT_REVOKED,CONSENT_REVOKED,CONSENT_REVOKED
69864019f63af8ae1e2e2d1f,646d238ec077fb64c0294bd8,RETURNED,Not Applicable,2026-02-06T19:25:24.755000Z,,,,,,1053,CONSENT_REVOKED,CONSENT_REVOKED,CONSENT_REVOKED,CONSENT_REVOKED,CONSENT_REVOKED,CONSENT_REVOKED,CONSENT_REVOKED,CONSENT_REVOKED,CONSENT_REVOKED
698640ab45ceb198793ee7a0,56a90c96119265000c6e134d,RETURNED,Not Applicable,2026-02-06T19:27:47.299000Z,,,,,,4859,CONSENT_REVOKED,CONSENT_REVOKED,CONSENT_REVOKED,CONSENT_REVOKED,CONSENT_REVOKED,CONSENT_REVOKED,CONSENT_REVOKED,CONSENT_REVOKED,CONSENT_REVOKED
6986412811a0fd8e5c795775,697fbcfaae6bc29a56c28d58,RETURNED,Not Applicable,2026-02-06T19:29:50.337000Z,,,,,,52,CONSENT_REVOKED,CONSENT_REVOKED,CONSENT_REVOKED,CONSENT_REVOKED,CONSENT_REVOKED,CONSENT_REVOKED,CONSENT_REVOKED,CONSENT_REVOKED,CONSENT_REVOKED
6986417d3d24c816cf31cef0,5ea0613bef1e880130b36f45,RETURNED,Not Applicable,2026-02-06T19:31:15.338000Z,,,,,,3407,CONSENT_REVOKED,CONSENT_REVOKED,CONSENT_REVOKED,CONSENT_REVOKED,CONSENT_REVOKED,CONSENT_REVOKED,CONSENT_REVOKED,CONSENT_REVOKED,CONSENT_REVOKED
6986421d016da4c94553b9ec,66d883af79c0d2b377108717,RETURNED,Not Applicable,2026-02-06T19:33:52.724000Z,,,,,,139,CONSENT_REVOKED,CONSENT_REVOKED,CONSENT_REVOKED,CONSENT_REVOKED,CONSENT_REVOKED,CONSENT_REVOKED,CONSENT_REVOKED,CONSENT_REVOKED,CONSENT_REVOKED
69864322474b00e39ca19de0,66c347304e6dd11def71183e,RETURNED,Not Applicable,2026-02-06T19:38:18.496000Z,,,,,,560,CONSENT_REVOKED,CONSENT_REVOKED,CONSENT_REVOKED,CONSENT_REVOKED,CONSENT_REVOKED,CONSENT_REVOKED,CONSENT_REVOKED,CONSENT_REVOKED,CONSENT_REVOKED
6986454ea993cbec0b0dea9a,65ab93cd4bceee49344efd60,RETURNED,Not Applicable,2026-02-06T19:47:54.608000Z,,,,,,796,CONSENT_REVOKED,CONSENT_REVOKED,CONSENT_REVOKED,CONSENT_REVOKED,CONSENT_REVOKED,CONSENT_REVOKED,CONSENT_REVOKED,CONSENT_REVOKED,CONSENT_REVOKED
698645f8ff7afa2947594f70,629f6b8c65fcae219e245284,RETURNED,Not Applicable,2026-02-06T19:50:19.833000Z,,,,,,4737,CONSENT_REVOKED,CONSENT_REVOKED,CONSENT_REVOKED,CONSENT_REVOKED,CONSENT_REVOKED,CONSENT_REVOKED,CONSENT_REVOKED,CONSENT_REVOKED,CONSENT_REVOKED
6986485492887a34e5404932,5bdc54e732c3880001b36df5,RETURNED,Not Applicable,2026-02-06T20:00:20.768000Z,,,,,,50,CONSENT_REVOKED,CONSENT_REVOKED,CONSENT_REVOKED,CONSENT_REVOKED,CONSENT_REVOKED,CONSENT_REVOKED,CONSENT_REVOKED,CONSENT_REVOKED,CONSENT_REVOKED
698648dfc7e08d456a41d8b0,5f7aaea6bf94dd717b471063,RETURNED,Not Applicable,2026-02-06T20:04:39.775000Z,,,,,,1761,CONSENT_REVOKED,CONSENT_REVOKED,CONSENT_REVOKED,CONSENT_REVOKED,CONSENT_REVOKED,CONSENT_REVOKED,CONSENT_REVOKED,CONSENT_REVOKED,CONSENT_REVOKED
698649e749327f4560e25629,605e9cc770aa6d1947d02bfa,RETURNED,Not Applicable,2026-02-06T20:07:12.061000Z,,,,,,3632,CONSENT_REVOKED,CONSENT_REVOKED,CONSENT_REVOKED,CONSENT_REVOKED,CONSENT_REVOKED,CONSENT_REVOKED,CONSENT_REVOKED,CONSENT_REVOKED,CONSENT_REVOKED
